role_code;source_value_normalized;source_value;official_company_name;market_partner_id;match_method;match_score
ANU_VENS;nordwestbahngmbh;NordWestBahn GmbH;NordWestBahn GmbH;1900100300244;AUTO_EXACT;100.0
ANU_VENS;srirailinvestgmbh;SRI Rail Invest GmbH;SRI Rail Invest GmbH;1900100300484;AUTO_EXACT;100.0
ANU_VENS;rtsrailtransportservicegmbh;RTS Rail Transport Service GmbH;RTS Rail Transport Service GmbH;1900100300913;AUTO_EXACT;100.0
ANU_VENS;rhenusrailstingbertgmbh;Rhenus Rail St. Ingbert GmbH;Rhenus Rail St. Ingbert GmbH;1900100300997;AUTO_EXACT;100.0
ANU_VENS;uefeisenbahnverkehrsgesellschaftmbh;UEF Eisenbahn-Verkehrsgesellschaft mbH;UEF Eisenbahn-Verkehrsgesellschaft mbH;1900100301010;AUTO_EXACT;100.0
ANU_VENS;saarrailgmbh;Saar Rail GmbH;Saar Rail GmbH;1900100301177;AUTO_EXACT;100.0
ANU_VENS;nordlandrailgmbh;Nordlandrail GmbH;Nordlandrail GmbH;1900100301200;AUTO_EXACT;100.0
ANU_VENS;blgrailtecgmbh;BLG RailTec GmbH;BLG RailTec GmbH;1900100301606;AUTO_EXACT;100.0
ANU_VENS;srailgmbh;S-Rail GmbH;S-Rail GmbH;1900100301664;AUTO_EXACT;100.0
ANU_VENS;pkpintercitysa;PKP Intercity S.A.;PKP Intercity S.A.;1900100301705;AUTO_EXACT;100.0
ANU_VENS;helromgmbh;Helrom GmbH;HELROM GmbH;1900100302323;AUTO_EXACT;100.0
ANU_VENS;regiojetas;Regiojet a.s.;RegioJet a.s.;1900100302448;AUTO_EXACT;100.0
ANU_VENS;railsystemsrpgmbh;Railsystems RP GmbH;Railsystems RP GmbH;1900100302688;AUTO_EXACT;100.0
ANU_VENS;foxrailzrt;FOXrail Zrt.;FOXrail Zrt.;1900100302836;AUTO_EXACT;100.0
ANU_VENS;hbchanseatischesbahncontorgmbh;HBC Hanseatisches Bahn Contor GmbH;HBC Hanseatisches Bahn Contor GmbH;1900100303123;AUTO_EXACT;100.0
ANU_VENS;construccinesyauxiliardeferrocarrilessa;Construcciónes y Auxiliar de Ferrocarriles, S.A.;CONSTRUCCIONES Y AUXILIAR DE FERROCARRILES, S.A.;1900100303272;AUTO_EXACT;100.0
ANU_VENS;citybahnchemnitzgmbh;City-Bahn Chemnitz GmbH;City-Bahn Chemnitz GmbH;1900100304056;AUTO_EXACT;100.0
ANE_TENS;regiobahnbitterfeldberlingmbh;Regiobahn Bitterfeld Berlin GmbH;Regiobahn Bitterfeld Berlin GmbH;1900100400094;AUTO_EXACT;100.0
ANE_TENS;odegostdeutscheeisenbahngmbh;ODEG Ostdeutsche Eisenbahn GmbH;ODEG Ostdeutsche Eisenbahn GmbH;1900100400135;AUTO_EXACT;100.0
ANE_TENS;bayerischeoberlandbahngmbh;Bayerische Oberlandbahn GmbH;Bayerische Oberlandbahn GmbH;1900100400309;AUTO_EXACT;100.0
ANE_TENS;captraindeutschlandgmbh;Captrain Deutschland GmbH;Captrain Deutschland GmbH;1900100400432;AUTO_EXACT;100.0
ANE_TENS;nationalexpressrailgmbh;National Express Rail GmbH;National Express Rail GmbH;1900100400606;AUTO_EXACT;100.0
ANE_TENS;deltarailgmbh;DeltaRail GmbH;DeltaRail GmbH;1900100401224;AUTO_EXACT;100.0
ANE_TENS;kombiraileuropebv;KombiRail Europe B.V.;KombiRail Europe B.V.;1900100401282;AUTO_EXACT;100.0
ANE_TENS;cargologistikrailservicegmbh;Cargo Logistik Rail Service GmbH;Cargo Logistik Rail Service GmbH;1900100401448;AUTO_EXACT;100.0
ANE_TENS;wedlerfranzlogistikgmbhcokg;Wedler Franz Logistik GmbH & Co.KG;Wedler Franz Logistik GmbH & Co. KG;1900100401753;AUTO_EXACT;100.0
ANE_TENS;hectorrailgmbh;Hector Rail Gmbh;Hector Rail GmbH;1900100401935;AUTO_EXACT;100.0
ANE_TENS;dbfahrwegdienstegmbh;DB Fahrwegdienste GmbH;DB Fahrwegdienste GmbH;1900100402628;AUTO_EXACT;100.0
ANE_TENS;bodenseeoberschwabenbahngmbhcokg;Bodensee-Oberschwaben-Bahn GmbH & Co. KG;Bodensee-Oberschwaben-Bahn GmbH & Co. KG;1900100402785;AUTO_EXACT;100.0
ANE_TENS;ltechlteschweizgmbh;LTE CH - LTE Schweiz GmbH;LTE Schweiz GmbH;1900100403064;AUTO_COSMETIC;100.0
ANE_TENS;rbprheinischebahnpersonalundverkehrsgesellschaftmbh;RBP Rheinische Bahnpersonal- und Verkehrsgesellschaft mbH;RBP - Rheinische Bahnpersonal- und Verkehrsgesellschaft mbH;1900100403163;AUTO_EXACT;100.0
ANE_TENS;spleisenbahnverkehrgmbh;SPL EisenbahnVerkehr GmbH;SPL EisenbahnVerkehr GmbH;1900100403204;AUTO_EXACT;100.0
ANE_TENS;retrackczechsro;Retrack Czech s.r.o;Retrack Czech s.r.o.;1900100403329;AUTO_EXACT;100.0
ANU_VENS;holzlogistikgueterbahngmbh;Holzlogistik & Güterbahn GmbH;Holzlogistik & Güterbahn GmbH;1900100300145;AUTO_EXACT;100.0
ANU_VENS;westfalenbahngmbh;WestfalenBahn GmbH;WestfalenBahn GmbH;1900100300343;AUTO_EXACT;100.0
ANU_VENS;mittelweserbahngmbh;Mittelweserbahn GmbH;Mittelweserbahn GmbH;1900100300567;AUTO_EXACT;100.0
ANU_VENS;beaconrailleasinglimited;BEACON RAIL LEASING LIMITED;Beacon Rail Leasing Limited;1900100300856;AUTO_EXACT;100.0
ANU_VENS;vorbereitungsgesellschafttransporttechnikmbh;Vorbereitungsgesellschaft Transporttechnik mbH;Vorbereitungsgesellschaft Transporttechnik mbH;1900100300963;AUTO_EXACT;100.0
ANU_VENS;salzburgereisenbahntransportlogistikgmbh;Salzburger Eisenbahn TransportLogistik GmbH;SETG - Salzburger Eisenbahn TransportLogistik GmbH;1900100301276;AUTO_COSMETIC;100.0
ANU_VENS;ltenlltenetherlandsbv;LTE NL - LTE Netherlands B.V.;LTE Netherlands B.V.;1900100301482;AUTO_COSMETIC;100.0
ANU_VENS;hupacsa;HUPAC SA;Hupac SA;1900100302307;AUTO_EXACT;100.0
ANU_VENS;centralbahngmbh;Centralbahn GmbH;Centralbahn GmbH;1900100302464;AUTO_EXACT;100.0
ANU_VENS;flixtraingmbh;FlixTrain GmbH;FlixTrain GmbH;1900100302844;AUTO_EXACT;100.0
ANU_VENS;anhaltinischbrandenburgischeeisenbahngesellschaftmbh;Anhaltinisch-Brandenburgische Eisenbahngesellschaft mbH;Anhaltinisch-Brandenburgische Eisenbahngesellschaft mbH;1900100303090;AUTO_EXACT;100.0
ANU_VENS;ehgueterverkehrgmbh;EH Güterverkehr GmbH;EH Güterverkehr GmbH;1900100303446;AUTO_EXACT;100.0
ANE_TENS;ltelogistikundtransportgmbhholding;LTE Logistik- und Transport-GmbH (Holding);LTE Logistik- und Transport-GmbH;1900100400391;AUTO_COSMETIC;100.0
ANE_TENS;metransrailsro;METRANS Rail s.r.o.;METRANS Rail s.r.o.;1900100400424;AUTO_EXACT;100.0
ANE_TENS;hlbhessenbahngmbh;HLB Hessenbahn GmbH;HLB Hessenbahn GmbH;1900100400614;AUTO_EXACT;100.0
ANE_TENS;blscargoag;BLS Cargo AG;BLS Cargo AG;1900100401547;AUTO_EXACT;100.0
ANE_TENS;dbregioag;DB Regio AG..;DB Regio AG;1900100401654;AUTO_EXACT;100.0
ANE_TENS;dbbahnbaugruppegmbh;DB Bahnbau Gruppe GmbH;DB Bahnbau Gruppe GmbH;1900100403171;AUTO_EXACT;100.0
ANE_TENS;mzeisenbahndienstleistungengmbh;MZ Eisenbahndienstleistungen GmbH;MZ Eisenbahndienstleistungen GmbH;1900100403387;AUTO_EXACT;100.0
ANE_TENS;medwaybelgiumnv;MEDWAY BELGIUM nv;Medway Belgium NV;1900100403501;AUTO_EXACT;100.0
ANE_TENS;railcargologisticsgermanygmbh;Rail Cargo Logistics Germany GmbH;Rail Cargo Logistics - Germany GmbH;1900100403650;AUTO_EXACT;100.0
ANE_TENS;vlobahngmbh;VLO Bahn GmbH;VLO Bahn GmbH;1900100403783;AUTO_EXACT;100.0
ANE_TENS;regionalverkehrestartdeutschlandgmbh;Regionalverkehre Start Deutschland GmbH;Regionalverkehre Start Deutschland GmbH;1900100403816;AUTO_EXACT;100.0
ANU_VENS;metronomeisenbahngesellschaftmbh;metronom Eisenbahngesellschaft mbH;metronom Eisenbahngesellschaft mbH;1900100300210;AUTO_EXACT;100.0
ANU_VENS;blscargonordnv;BLS Cargo Nord NV;BLS Cargo Nord NV;1900100300319;AUTO_EXACT;100.0
ANU_VENS;railadventuregmbh;RailAdventure GmbH;RailAdventure GmbH;1900100301036;AUTO_EXACT;100.0
ANU_VENS;ctllogisticsgmbh;CTL Logistics GmbH;CTL Logistics GmbH;1900100301375;AUTO_EXACT;100.0
ANU_VENS;loconbeneluxbv;Locon Benelux B.V.;Locon Benelux B.V.;1900100301523;AUTO_EXACT;100.0
ANU_VENS;dbcargoag;DB Cargo AG.;DB Cargo AG;1900100301622;AUTO_EXACT;100.0
ANU_VENS;westbahnmanagementgmbh;WESTbahn Management GmbH;WESTbahn Management GmbH;1900100301929;AUTO_EXACT;100.0
ANU_VENS;train4traingmbh;Train4Train GmbH;Train4Train GmbH;1900100302175;AUTO_EXACT;100.0
ANU_VENS;rennsteigbahngmbhcokg;Rennsteigbahn GmbH & Co KG;Rennsteigbahn GmbH & Co. KG;1900100302266;AUTO_EXACT;100.0
ANU_VENS;lokpartnerbetriebsgesellschaftmbhcokg;Lok-Partner Betriebsgesellschaft mbH & Co. KG;Lok-Partner Betriebsgesellschaft mbH & Co. KG;1900100302810;AUTO_EXACT;100.0
ANU_VENS;eifelbahnverkehrsgesellschaftmbh;Eifelbahn Verkehrsgesellschaft mbH;Eifelbahn Verkehrsgesellschaft mbH;1900100303024;AUTO_EXACT;100.0
ANU_VENS;cdcargoas;CD Cargo a.s.;CD Cargo a.s.;1900100303131;AUTO_EXACT;100.0
ANU_VENS;konrailgmbh;KonRail GmbH;KonRail GmbH;1900100303470;AUTO_EXACT;100.0
ANU_VENS;intertourexgmbh;InterTourex GmbH;InterTourex GmbH;1900100303488;AUTO_EXACT;100.0
ANU_VENS;dunddeisenbahngesellschaftmbh;D und D Eisenbahngesellschaft mbH;D & D Eisenbahngesellschaft mbH;1900100303876;AUTO_EXACT;100.0
ANU_VENS;basfse;BASF SE;BASF SE;1900100303975;AUTO_EXACT;100.0
ANU_VENS;nordicrefinanceab;Nordic Re-Finance AB;Nordic Re-Finance AB;1900100304048;AUTO_EXACT;100.0
ANE_TENS;boxxpressdegmbh;boxXPress.de GmbH;boxXpress.de GmbH;1900100400044;AUTO_EXACT;100.0
ANE_TENS;staudenverkehrsgmbh;Stauden-Verkehrs-GmbH;Stauden-Verkehrs-GmbH;1900100400466;AUTO_EXACT;100.0
ANE_TENS;emonsbahntransportegmbh;Emons Bahntransporte GmbH;Emons Bahntransporte GmbH;1900100400698;AUTO_EXACT;100.0
ANE_TENS;vulkaneifelbahnbetriebsgesellschaftmbh;Vulkan-Eifel-Bahn Betriebsgesellschaft mbH;Vulkan-Eifel-Bahn Betriebsgesellschaft mbH;1900100401191;AUTO_EXACT;100.0
ANE_TENS;sncfvoyagesdeutschlandgmbh;SNCF Voyages Deutschland GmbH;SNCF Voyages Deutschland GmbH;1900100401696;AUTO_EXACT;100.0
ANE_TENS;bahnlogistik24gmbh;Bahnlogistik24 GmbH;Bahnlogistik24 GmbH;1900100401836;AUTO_EXACT;100.0
ANE_TENS;vlexxgmbh;vlexx GmbH;vlexx GmbH;1900100402280;AUTO_EXACT;100.0
ANE_TENS;twentyonegmbh;Twentyone GmbH;twentyone GmbH;1900100402595;AUTO_EXACT;100.0
ANE_TENS;railforceonegermanygmbh;Rail Force One Germany GmbH;Rail Force One Germany GmbH;1900100402644;AUTO_EXACT;100.0
ANE_TENS;cargomotionsro;Cargo Motion s.r.o.;Cargo Motion s.r.o.;1900100403999;AUTO_EXACT;100.0
ANU_VENS;railpoolgmbh;Railpool Gmbh;Railpool GmbH;1900100300062;AUTO_EXACT;100.0
ANU_VENS;havellaendischeeisenbahnag;Havelländische Eisenbahn AG;Havelländische Eisenbahn AG;1900100300369;AUTO_EXACT;100.0
ANU_VENS;btebahntouristikexpressgmbh;BTE BahnTouristikExpress GmbH;BTE BahnTouristikExpress GmbH;1900100301028;AUTO_EXACT;100.0
ANU_VENS;eichholzeivelgmbh;Eichholz EIVEL GmbH;Eichholz Eivel GmbH;1900100301432;AUTO_EXACT;100.0
ANU_VENS;greencargoab;Green Cargo AB;Green Cargo AB;1900100301721;AUTO_EXACT;100.0
ANU_VENS;europortefrance;Europorte France;EUROPORTE France;1900100301797;AUTO_EXACT;100.0
ANU_VENS;dbcargofrancesas;DB Cargo France SAS;DB Cargo France SAS;1900100301812;AUTO_EXACT;100.0
ANU_VENS;bbllogistikgmbh;BBL Logistik GmbH;BBL Logistik GmbH;1900100302133;AUTO_EXACT;100.0
ANU_VENS;regioinfraservicesachsengmbh;Regio Infra Service Sachsen GmbH;Regio Infra Service Sachsen GmbH;1900100302703;AUTO_EXACT;100.0
ANU_VENS;cargounitspzoo;Cargounit sp. z o. o.;CARGOUNIT Sp. z o.o.;1900100302795;AUTO_EXACT;100.0
ANU_VENS;weseremseisenbahngmbh;Weser Ems Eisenbahn GmbH;Weser Ems Eisenbahn GmbH;1900100303016;AUTO_EXACT;100.0
ANE_TENS;cantusverkehrsgesellschaftmbh;Cantus Verkehrsgesellschaft mbH;cantus Verkehrsgesellschaft mbH;1900100400036;AUTO_EXACT;100.0
ANE_TENS;beaconrailcapitaleuropegmbh;Beacon Rail Capital Europe GmbH;Beacon Rail Capital Europe GmbH;1900100400052;AUTO_EXACT;100.0
ANE_TENS;westfaelischelandeseisenbahngmbh;Westfälische Landes-Eisenbahn GmbH;Westfälische Landes-Eisenbahn GmbH;1900100400151;AUTO_EXACT;100.0
ANE_TENS;saarbahngmbh;Saarbahn GmbH;Saarbahn GmbH;1900100400705;AUTO_EXACT;100.0
ANE_TENS;eisenbahngesellschaftpotsdammbh;Eisenbahngesellschaft Potsdam mbH;Eisenbahngesellschaft Potsdam mbH;1900100401076;AUTO_EXACT;100.0
ANE_TENS;integroverkehrgmbh;IntEgro Verkehr GmbH;IntEgro Verkehr GmbH;1900100401240;AUTO_EXACT;100.0
ANE_TENS;meveisenbahnverkehrsgesellschaftmbh;MEV Eisenbahn-Verkehrsgesellschaft mbH;MEV Eisenbahn-Verkehrsgesellschaft mbH;1900100401456;AUTO_EXACT;100.0
ANE_TENS;eisenbahnbauundbetriebsgesellschaftpressnitztalbahnmbh;Eisenbahn-Bau- und Betriebsgesellschaft Pressnitztalbahn mbH;Eisenbahn-Bau- und Betriebsgesellschaft Pressnitztalbahn mbH;1900100401498;AUTO_EXACT;100.0
ANE_TENS;freightlinerdegmbh;Freightliner DE GmbH;Freightliner DE GmbH;1900100401597;AUTO_EXACT;100.0
ANE_TENS;hafenkrefeldgmbhcokg;Hafen Krefeld GmbH & Co. KG;Hafen Krefeld GmbH & Co. KG;1900100402917;AUTO_EXACT;100.0
ANE_TENS;smartrailtractiongmbh;Smart Rail Traction GmbH;smart rail traction GmbH;1900100403113;AUTO_EXACT;100.0
ANE_TENS;bugvermietungsgesellschaftmbh;BUG Vermietungsgesellschaft mbH;BUG Vermietungsgesellschaft mbH;1900100403288;AUTO_EXACT;100.0
ANE_TENS;duisportrailgmbh;duisport rail GmbH;duisport rail GmbH;1900100403353;AUTO_EXACT;100.0
ANE_TENS;railtractioncompanyspa;RAIL TRACTION COMPANY S.p.A.;Rail Traction Company S.p.A.;1900100403957;AUTO_EXACT;100.0
ANU_VENS;cflcargodeutschlandgmbh;CFL Cargo Deutschland GmbH;CFL Cargo Deutschland GmbH;1900100300129;AUTO_EXACT;100.0
ANU_VENS;hsllogistikgmbh;HSL Logistik GmbH;HSL Logistik GmbH;1900100300327;AUTO_EXACT;100.0
ANU_VENS;tsscargoas;TSS Cargo a.s.;TSS Cargo a.s.;1900100300450;AUTO_EXACT;100.0
ANU_VENS;txlogistikag;TX Logistik AG;TX Logistik AG;1900100300666;AUTO_EXACT;100.0
ANU_VENS;alphatrainsluxembourgsrl;Alpha Trains Luxembourg S.à r.l.;Alpha Trains Luxembourg S.á.r.l.;1900100300749;AUTO_EXACT;100.0
ANU_VENS;retrackgermanygmbh;Retrack Germany Gmbh;Retrack Germany GmbH;1900100301565;AUTO_EXACT;100.0
ANU_VENS;ltedeltegermanygmbh;LTE DE - LTE Germany GmbH;LTE Germany GmbH;1900100302456;AUTO_EXACT;100.0
ANU_VENS;flexbahndienstleistungengmbh;Flex Bahndienstleistungen GmbH;Flex Bahndienstleistungen GmbH;1900100302498;AUTO_EXACT;100.0
ANU_VENS;dbinfragoag;DB InfraGO AG;DB InfraGO AG;1900100302505;AUTO_EXACT;100.0
ANU_VENS;viasrailgmbh;VIAS Rail GmbH;VIAS Rail GmbH;1900100303107;AUTO_EXACT;100.0
ANU_VENS;railseatractiongmbh;Rail & Sea Traction GmbH;Rail&Sea Traction GmbH;1900100303678;AUTO_EXACT;100.0
ANU_VENS;kswkreisbahnsiegenwittgensteingmbh;KSW Kreisbahn Siegen-Wittgenstein GmbH;KSW Kreisbahn Siegen-Wittgenstein GmbH;1900100304098;AUTO_EXACT;100.0
ANE_TENS;verkehrsbetriebepeinesalzgittergmbh;Verkehrsbetriebe Peine-Salzgitter GmbH;Verkehrsbetriebe Peine-Salzgitter GmbH;1900100400416;AUTO_EXACT;100.0
ANE_TENS;sbbcargoag;SBB Cargo AG;SBB Cargo AG;1900100400440;AUTO_EXACT;100.0
ANE_TENS;hectorrailabschweden;Hector Rail AB (Schweden);Hector Rail AB;1900100400846;AUTO_COSMETIC;100.0
ANE_TENS;eccorailgmbh;Ecco-rail GmbH;ecco rail GmbH;1900100401084;AUTO_EXACT;100.0
ANE_TENS;bsaseisenbahnverkehrsgmbhcokg;BSAS Eisenbahnverkehrs GmbH & Co. KG;BSAS EisenbahnVerkehrs GmbH & Co. KG;1900100401860;AUTO_EXACT;100.0
ANE_TENS;hamburgerrailservicegmbhcokg;Hamburger Rail Service GmbH & Co.KG;Hamburger Rail Service GmbH & Co. KG;1900100401969;AUTO_EXACT;100.0
ANE_TENS;prolokgmbh;Pro-Lok GmbH;Pro-Lok GmbH;1900100401985;AUTO_EXACT;100.0
ANE_TENS;utlumweltundtransportlogistikgmbh;UTL Umwelt- und Transportlogistik GmbH;UTL Umwelt und Transportlogistik GmbH;1900100402058;AUTO_EXACT;100.0
ANE_TENS;rbhlogisticsgmbh;RBH Logistics GmbH;RBH Logistics GmbH;1900100402165;AUTO_EXACT;100.0
ANE_TENS;frachtbahntraktiongmbh;FRACHTbahn Traktion GmbH;FRACHTbahn Traktion GmbH;1900100402850;AUTO_EXACT;100.0
ANE_TENS;rundumsgleisgmbh;Rund ums Gleis GmbH;Rund ums Gleis GmbH;1900100402884;AUTO_EXACT;100.0
ANE_TENS;dbregionetzverkehrsgmbh;DB RegioNetz Verkehrs GmbH;DB RegioNetz Verkehrs GmbH;1900100402959;AUTO_EXACT;100.0
ANE_TENS;nesaeisenbahnbetriebsgesellschaftneckarschwarzwaldalbmbh;NeSA Eisenbahn-Betriebsgesellschaft Neckar-Schwarzwald-Alb MbH;NeSA Eisenbahn-Betriebsgesellschaft Neckar-Schwarzwald-Alb mbH;1900100403056;AUTO_EXACT;100.0
ANE_TENS;rserheinsiegeisenbahngmbh;RSE Rhein-Sieg-Eisenbahn GmbH;RSE Rhein-Sieg-Eisenbahn GmbH;1900100403189;AUTO_EXACT;100.0
ANE_TENS;lokorailas;LOKORAIL, a.s.;LOKORAIL, a.s.;1900100403379;AUTO_EXACT;100.0
ANE_TENS;dpbrailinfraservicegmbh;DPB Rail Infra Service GmbH;DPB Rail Infra Service GmbH;1900100403428;AUTO_EXACT;100.0
ANU_VENS;itleisenbahngesellschaftmbh;ITL Eisenbahngesellschaft mbH;ITL-Eisenbahngesellschaft mbH;1900100300020;AUTO_EXACT;100.0
ANU_VENS;sbbcargodeutschlandgmbh;SBB Cargo Deutschland GmbH;SBB Cargo Deutschland GmbH;1900100300286;AUTO_EXACT;100.0
ANU_VENS;arcelormittaleisenhuettenstadttransportgmbh;ArcelorMittal Eisenhüttenstadt Transport GmbH;ArcelorMittal Eisenhüttenstadt Transport GmbH;1900100300385;AUTO_EXACT;100.0
ANU_VENS;legleipzigereisenbahnverkehrsgesellschaftmbh;LEG Leipziger Eisenbahnverkehrsgesellschaft mbH;LEG Leipziger Eisenbahnverkehrsgesellschaft mbH;1900100300583;AUTO_EXACT;100.0
ANU_VENS;eisenbahnlogistikvienenburg;Eisenbahnlogistik Vienenburg;ELV - Eisenbahnlogistik Vienenburg;1900100301060;AUTO_COSMETIC;100.0
ANU_VENS;esgeisenbahnservicegesellschaftmbh;ESG Eisenbahn Service Gesellschaft mbH;ESG Eisenbahn Service Gesellschaft mbH;1900100301333;AUTO_EXACT;100.0
ANU_VENS;lokotrainsro;LokoTrain s. r. o.;LokoTrain s.r.o.;1900100301614;AUTO_EXACT;100.0
ANU_VENS;gysevgyrsopronebenfurtivastzrt;GySEV (Győr-Sopron-Ebenfurti Vasút) Zrt.;GYSEV Zrt;1900100301903;AUTO_COSMETIC;100.0
ANU_VENS;salzlandrailservicegmbh;Salzland Rail Service GmbH;Salzland Rail Service GmbH;1900100302068;AUTO_EXACT;100.0
ANU_VENS;ercdgmbh;ERC.D GmbH;ERC.D GmbH;1900100302191;AUTO_EXACT;100.0
ANU_VENS;starkenbergergueterlogistikgmbh;Starkenberger Güterlogistik GmbH;STARKENBERGER Güterlogistik GmbH;1900100302232;AUTO_EXACT;100.0
ANU_VENS;stadlerrailvalenciasau;Stadler Rail Valencia S.A.U;Stadler Rail Valencia S.A.U.;1900100302860;AUTO_EXACT;100.0
ANU_VENS;sternhafferlverkehrsgesellschaftmbh;Stern & Hafferl Verkehrsgesellschaft m.b.H.;Stern & Hafferl Verkehrsgesellschaft m.b.H.;1900100302943;AUTO_EXACT;100.0
ANU_VENS;dortmundereisenbahngmbh;Dortmunder Eisenbahn GmbH;Dortmunder Eisenbahn GmbH;1900100303305;AUTO_EXACT;100.0
ANU_VENS;bahnptgmbh;Bahn PT GmbH;Bahn PT GmbH;1900100303595;AUTO_EXACT;100.0
ANE_TENS;captraindeutschlandcargowestgmbh;Captrain Deutschland CargoWest GmbH;Captrain Deutschland CargoWest GmbH;1900100400101;AUTO_EXACT;100.0
ANE_TENS;transdevmitteldeutschlandgmbh;Transdev Mitteldeutschland GmbH;Transdev Mitteldeutschland GmbH;1900100400820;AUTO_EXACT;100.0
ANE_TENS;blpwiebelogistikgmbh;BLP Wiebe Logistik GmbH;BLP Wiebe Logistik GmbH;1900100401828;AUTO_EXACT;100.0
ANE_TENS;trainloggmbh;Trainlog GmbH;TrainLog GmbH;1900100402248;AUTO_EXACT;100.0
ANE_TENS;railcareag;railCare AG;railCare AG;1900100402389;AUTO_EXACT;100.0
ANE_TENS;railtransinternationalas;Railtrans International, a.s.;Railtrans International a.s.;1900100402587;AUTO_EXACT;100.0
ANE_TENS;rtbcargogmbh;RTB CARGO GmbH;RTB CARGO GmbH;1900100403395;AUTO_EXACT;100.0
ANE_TENS;hansebahnbremengmbh;Hansebahn Bremen GmbH;Hansebahn Bremen GmbH;1900100403535;AUTO_EXACT;100.0
ANE_TENS;schienengueterlogistikgmbh;Schienen Güter Logistik GmbH;SGL - Schienen Güter Logistik GmbH;1900100403585;AUTO_COSMETIC;100.0
ANU_VENS;ltelogistikundtransportgmbhholding;LTE Logistik- und Transport-GmbH (Holding);LTE Logistik- und Transport-GmbH;1900100300393;AUTO_COSMETIC;100.0
ANU_VENS;metransrailsro;METRANS Rail s.r.o.;METRANS Rail s.r.o.;1900100300426;AUTO_EXACT;100.0
ANU_VENS;hlbhessenbahngmbh;HLB Hessenbahn GmbH;HLB Hessenbahn GmbH;1900100300616;AUTO_EXACT;100.0
ANU_VENS;blscargoag;BLS Cargo AG;BLS Cargo AG;1900100301549;AUTO_EXACT;100.0
ANU_VENS;dbregioag;DB Regio AG..;DB Regio AG;1900100301656;AUTO_EXACT;100.0
ANU_VENS;dbbahnbaugruppegmbh;DB Bahnbau Gruppe GmbH;DB Bahnbau Gruppe GmbH;1900100303173;AUTO_EXACT;100.0
ANU_VENS;mzeisenbahndienstleistungengmbh;MZ Eisenbahndienstleistungen GmbH;MZ Eisenbahndienstleistungen GmbH;1900100303389;AUTO_EXACT;100.0
ANU_VENS;medwaybelgiumnv;MEDWAY BELGIUM nv;Medway Belgium NV;1900100303503;AUTO_EXACT;100.0
ANU_VENS;railcargologisticsgermanygmbh;Rail Cargo Logistics Germany GmbH;Rail Cargo Logistics - Germany GmbH;1900100303652;AUTO_EXACT;100.0
ANU_VENS;vlobahngmbh;VLO Bahn GmbH;VLO Bahn GmbH;1900100303785;AUTO_EXACT;100.0
ANU_VENS;regionalverkehrestartdeutschlandgmbh;Regionalverkehre Start Deutschland GmbH;Regionalverkehre Start Deutschland GmbH;1900100303818;AUTO_EXACT;100.0
ANE_TENS;holzlogistikgueterbahngmbh;Holzlogistik & Güterbahn GmbH;Holzlogistik & Güterbahn GmbH;1900100400169;AUTO_EXACT;100.0
ANE_TENS;westfalenbahngmbh;WestfalenBahn GmbH;WestfalenBahn GmbH;1900100400341;AUTO_EXACT;100.0
ANE_TENS;mittelweserbahngmbh;Mittelweserbahn GmbH;Mittelweserbahn GmbH;1900100400565;AUTO_EXACT;100.0
ANE_TENS;beaconrailleasinglimited;BEACON RAIL LEASING LIMITED;Beacon Rail Leasing Limited;1900100400854;AUTO_EXACT;100.0
ANE_TENS;vorbereitungsgesellschafttransporttechnikmbh;Vorbereitungsgesellschaft Transporttechnik mbH;Vorbereitungsgesellschaft Transporttechnik mbH;1900100400961;AUTO_EXACT;100.0
ANE_TENS;salzburgereisenbahntransportlogistikgmbh;Salzburger Eisenbahn TransportLogistik GmbH;SETG - Salzburger Eisenbahn TransportLogistik GmbH;1900100401274;AUTO_COSMETIC;100.0
ANE_TENS;ltenlltenetherlandsbv;LTE NL - LTE Netherlands B.V.;LTE Netherlands B.V.;1900100401480;AUTO_COSMETIC;100.0
ANE_TENS;hupacsa;HUPAC SA;Hupac SA;1900100402305;AUTO_EXACT;100.0
ANE_TENS;centralbahngmbh;Centralbahn GmbH;Centralbahn GmbH;1900100402462;AUTO_EXACT;100.0
ANE_TENS;flixtraingmbh;FlixTrain GmbH;FlixTrain GmbH;1900100402842;AUTO_EXACT;100.0
ANE_TENS;anhaltinischbrandenburgischeeisenbahngesellschaftmbh;Anhaltinisch-Brandenburgische Eisenbahngesellschaft mbH;Anhaltinisch-Brandenburgische Eisenbahngesellschaft mbH;1900100403098;AUTO_EXACT;100.0
ANE_TENS;ehgueterverkehrgmbh;EH Güterverkehr GmbH;EH Güterverkehr GmbH;1900100403444;AUTO_EXACT;100.0
ANU_VENS;regiobahnbitterfeldberlingmbh;Regiobahn Bitterfeld Berlin GmbH;Regiobahn Bitterfeld Berlin GmbH;1900100300096;AUTO_EXACT;100.0
ANU_VENS;odegostdeutscheeisenbahngmbh;ODEG Ostdeutsche Eisenbahn GmbH;ODEG Ostdeutsche Eisenbahn GmbH;1900100300137;AUTO_EXACT;100.0
ANU_VENS;bayerischeoberlandbahngmbh;Bayerische Oberlandbahn GmbH;Bayerische Oberlandbahn GmbH;1900100300301;AUTO_EXACT;100.0
ANU_VENS;captraindeutschlandgmbh;Captrain Deutschland GmbH;Captrain Deutschland GmbH;1900100300434;AUTO_EXACT;100.0
ANU_VENS;nationalexpressrailgmbh;National Express Rail GmbH;National Express Rail GmbH;1900100300608;AUTO_EXACT;100.0
ANU_VENS;deltarailgmbh;DeltaRail GmbH;DeltaRail GmbH;1900100301226;AUTO_EXACT;100.0
ANU_VENS;kombiraileuropebv;KombiRail Europe B.V.;KombiRail Europe B.V.;1900100301284;AUTO_EXACT;100.0
ANU_VENS;cargologistikrailservicegmbh;Cargo Logistik Rail Service GmbH;Cargo Logistik Rail Service GmbH;1900100301440;AUTO_EXACT;100.0
ANU_VENS;wedlerfranzlogistikgmbhcokg;Wedler Franz Logistik GmbH & Co.KG;Wedler Franz Logistik GmbH & Co. KG;1900100301755;AUTO_EXACT;100.0
ANU_VENS;hectorrailgmbh;Hector Rail Gmbh;Hector Rail GmbH;1900100301937;AUTO_EXACT;100.0
ANU_VENS;dbfahrwegdienstegmbh;DB Fahrwegdienste GmbH;DB Fahrwegdienste GmbH;1900100302620;AUTO_EXACT;100.0
ANU_VENS;bodenseeoberschwabenbahngmbhcokg;Bodensee-Oberschwaben-Bahn GmbH & Co. KG;Bodensee-Oberschwaben-Bahn GmbH & Co. KG;1900100302787;AUTO_EXACT;100.0
ANU_VENS;ltechlteschweizgmbh;LTE CH - LTE Schweiz GmbH;LTE Schweiz GmbH;1900100303066;AUTO_COSMETIC;100.0
ANU_VENS;rbprheinischebahnpersonalundverkehrsgesellschaftmbh;RBP Rheinische Bahnpersonal- und Verkehrsgesellschaft mbH;RBP - Rheinische Bahnpersonal- und Verkehrsgesellschaft mbH;1900100303165;AUTO_EXACT;100.0
ANU_VENS;spleisenbahnverkehrgmbh;SPL EisenbahnVerkehr GmbH;SPL EisenbahnVerkehr GmbH;1900100303206;AUTO_EXACT;100.0
ANU_VENS;retrackczechsro;Retrack Czech s.r.o;Retrack Czech s.r.o.;1900100303321;AUTO_EXACT;100.0
ANE_TENS;nordwestbahngmbh;NordWestBahn GmbH;NordWestBahn GmbH;1900100400242;AUTO_EXACT;100.0
ANE_TENS;srirailinvestgmbh;SRI Rail Invest GmbH;SRI Rail Invest GmbH;1900100400482;AUTO_EXACT;100.0
ANE_TENS;rtsrailtransportservicegmbh;RTS Rail Transport Service GmbH;RTS Rail Transport Service GmbH;1900100400911;AUTO_EXACT;100.0
ANE_TENS;rhenusrailstingbertgmbh;Rhenus Rail St. Ingbert GmbH;Rhenus Rail St. Ingbert GmbH;1900100400995;AUTO_EXACT;100.0
ANE_TENS;uefeisenbahnverkehrsgesellschaftmbh;UEF Eisenbahn-Verkehrsgesellschaft mbH;UEF Eisenbahn-Verkehrsgesellschaft mbH;1900100401018;AUTO_EXACT;100.0
ANE_TENS;saarrailgmbh;Saar Rail GmbH;Saar Rail GmbH;1900100401175;AUTO_EXACT;100.0
ANE_TENS;nordlandrailgmbh;Nordlandrail GmbH;Nordlandrail GmbH;1900100401208;AUTO_EXACT;100.0
ANE_TENS;blgrailtecgmbh;BLG RailTec GmbH;BLG RailTec GmbH;1900100401604;AUTO_EXACT;100.0
ANE_TENS;srailgmbh;S-Rail GmbH;S-Rail GmbH;1900100401662;AUTO_EXACT;100.0
ANE_TENS;pkpintercitysa;PKP Intercity S.A.;PKP Intercity S.A.;1900100401703;AUTO_EXACT;100.0
ANE_TENS;helromgmbh;Helrom GmbH;HELROM GmbH;1900100402321;AUTO_EXACT;100.0
ANE_TENS;regiojetas;Regiojet a.s.;RegioJet a.s.;1900100402446;AUTO_EXACT;100.0
ANE_TENS;railsystemsrpgmbh;Railsystems RP GmbH;Railsystems RP GmbH;1900100402686;AUTO_EXACT;100.0
ANE_TENS;foxrailzrt;FOXrail Zrt.;FOXrail Zrt.;1900100402834;AUTO_EXACT;100.0
ANE_TENS;hbchanseatischesbahncontorgmbh;HBC Hanseatisches Bahn Contor GmbH;HBC Hanseatisches Bahn Contor GmbH;1900100403121;AUTO_EXACT;100.0
ANE_TENS;construccinesyauxiliardeferrocarrilessa;Construcciónes y Auxiliar de Ferrocarriles, S.A.;CONSTRUCCIONES Y AUXILIAR DE FERROCARRILES, S.A.;1900100403270;AUTO_EXACT;100.0
ANE_TENS;citybahnchemnitzgmbh;City-Bahn Chemnitz GmbH;City-Bahn Chemnitz GmbH;1900100404054;AUTO_EXACT;100.0
ANU_VENS;rail4captraingmbh;Rail4Captrain GmbH;Rail4Captrain GmbH;1900100300070;AUTO_EXACT;100.0
ANU_VENS;ellgermanygmbh;ELL Germany GmbH;ELL Germany GmbH;1900100300202;AUTO_EXACT;100.0
ANU_VENS;raildoxgmbhcokg;Raildox GmbH & Co. KG;Raildox GmbH & Co.KG;1900100301044;AUTO_EXACT;100.0
ANU_VENS;bbpersonenverkehrag;ÖBB Personenverkehr AG;ÖBB-Personenverkehr AG;1900100301408;AUTO_EXACT;100.0
ANU_VENS;infraleunagmbh;InfraLeuna GmbH;InfraLeuna GmbH;1900100301416;AUTO_EXACT;100.0
ANU_VENS;alstomtransportationgermanygmbh;Alstom Transportation Germany GmbH;ALSTOM Transportation Germany GmbH;1900100301581;AUTO_EXACT;100.0
ANU_VENS;steiermarkbahntransportundlogistikgmbh;STEIERMARKBAHN Transport und Logistik GmbH;Steiermarkbahn Transport & Logistik GmbH;1900100301672;AUTO_EXACT;100.0
ANU_VENS;lokpartnergmbhcokg;Lok-Partner GmbH & Co.KG;Lok-Partner GmbH & Co. KG;1900100301888;AUTO_EXACT;100.0
ANU_VENS;lausitzenergiebergbauag;Lausitz Energie Bergbau AG;Lausitz Energie Bergbau AG;1900100302258;AUTO_EXACT;100.0
ANU_VENS;dbsystemtechnikgmbh;DB Systemtechnik GmbH;DB Systemtechnik GmbH;1900100302539;AUTO_EXACT;100.0
ANU_VENS;rail2ubv;Rail2U B.V.;Rail2U B.V.;1900100302901;AUTO_EXACT;100.0
ANU_VENS;nordicrailservicegmbh;Nordic Rail Service GmbH;Nordic Rail Service GmbH;1900100302993;AUTO_EXACT;100.0
ANU_VENS;tenforty2railgmbh;Tenforty2 Rail GmbH;Tenforty2-Rail GmbH;1900100303149;AUTO_EXACT;100.0
ANU_VENS;leonhardweissgmbhcokg;Leonhard Weiss GmbH & Co. KG;LEONHARD WEISS GmbH & Co. KG;1900100303462;AUTO_EXACT;100.0
ANU_VENS;gtsrailspa;GTS Rail S.p.A.;GTS Rail S.p.A.;1900100303743;AUTO_EXACT;100.0
ANU_VENS;bentheimereisenbahnag;Bentheimer Eisenbahn AG;Bentheimer Eisenbahn AG;1900100304006;AUTO_EXACT;100.0
ANE_TENS;cflcargosa;CFL cargo S.A.;CFL Cargo S.A.;1900100400177;AUTO_EXACT;100.0
ANE_TENS;evbelbewesergmbh;EVB Elbe-Weser GmbH;EVB Elbe-Weser GmbH;1900100400630;AUTO_EXACT;100.0
ANE_TENS;georgverkehrsorganisationgmbh;Georg Verkehrsorganisation GmbH;Georg Verkehrsorganisation GmbH;1900100401232;AUTO_EXACT;100.0
ANE_TENS;triangulalogistikgmbh;TRIANGULA Logistik GmbH;TRIANGULA Logistik GmbH;1900100401761;AUTO_EXACT;100.0
ANE_TENS;netzwerkbahnsachsengmbh;Netzwerkbahn Sachsen GmbH;Netzwerkbahn Sachsen GmbH;1900100402397;AUTO_EXACT;100.0
ANE_TENS;gffgesellschaftfurfahrzeugtechnikmbh;GfF Gesellschaft fur Fahrzeugtechnik mbH;GfF Gesellschaft für Fahrzeugtechnik mbH;1900100402412;AUTO_EXACT;100.0
ANE_TENS;transdevhannovergmbh;Transdev Hannover GmbH;Transdev Hannover GmbH;1900100402800;AUTO_EXACT;100.0
ANE_TENS;lwclappwaldbahncargogmbh;LWC Lappwaldbahn Cargo GmbH;LWC Lappwaldbahn Cargo GmbH;1900100403361;AUTO_EXACT;100.0
ANE_TENS;raaberbahncargogmbh;Raaberbahn Cargo GmbH;Raaberbahn Cargo GmbH;1900100403402;AUTO_EXACT;100.0
ANE_TENS;europeanlocpoolag;European Loc Pool AG;European Loc Pool AG;1900100403494;AUTO_EXACT;100.0
ANE_TENS;strabagrailfahrleitungengmbh;STRABAG Rail Fahrleitungen GmbH;STRABAG Rail Fahrleitungen GmbH;1900100403551;AUTO_EXACT;100.0
ANU_VENS;verkehrsbetriebepeinesalzgittergmbh;Verkehrsbetriebe Peine-Salzgitter GmbH;Verkehrsbetriebe Peine-Salzgitter GmbH;1900100300418;AUTO_EXACT;100.0
ANU_VENS;sbbcargoag;SBB Cargo AG;SBB Cargo AG;1900100300442;AUTO_EXACT;100.0
ANU_VENS;hectorrailabschweden;Hector Rail AB (Schweden);Hector Rail AB;1900100300848;AUTO_COSMETIC;100.0
ANU_VENS;eccorailgmbh;Ecco-rail GmbH;ecco rail GmbH;1900100301086;AUTO_EXACT;100.0
ANU_VENS;bsaseisenbahnverkehrsgmbhcokg;BSAS Eisenbahnverkehrs GmbH & Co. KG;BSAS EisenbahnVerkehrs GmbH & Co. KG;1900100301862;AUTO_EXACT;100.0
ANU_VENS;hamburgerrailservicegmbhcokg;Hamburger Rail Service GmbH & Co.KG;Hamburger Rail Service GmbH & Co. KG;1900100301961;AUTO_EXACT;100.0
ANU_VENS;prolokgmbh;Pro-Lok GmbH;Pro-Lok GmbH;1900100301987;AUTO_EXACT;100.0
ANU_VENS;utlumweltundtransportlogistikgmbh;UTL Umwelt- und Transportlogistik GmbH;UTL Umwelt und Transportlogistik GmbH;1900100302050;AUTO_EXACT;100.0
ANU_VENS;rbhlogisticsgmbh;RBH Logistics GmbH;RBH Logistics GmbH;1900100302167;AUTO_EXACT;100.0
ANU_VENS;frachtbahntraktiongmbh;FRACHTbahn Traktion GmbH;FRACHTbahn Traktion GmbH;1900100302852;AUTO_EXACT;100.0
ANU_VENS;rundumsgleisgmbh;Rund ums Gleis GmbH;Rund ums Gleis GmbH;1900100302886;AUTO_EXACT;100.0
ANU_VENS;dbregionetzverkehrsgmbh;DB RegioNetz Verkehrs GmbH;DB RegioNetz Verkehrs GmbH;1900100302951;AUTO_EXACT;100.0
ANU_VENS;nesaeisenbahnbetriebsgesellschaftneckarschwarzwaldalbmbh;NeSA Eisenbahn-Betriebsgesellschaft Neckar-Schwarzwald-Alb MbH;NeSA Eisenbahn-Betriebsgesellschaft Neckar-Schwarzwald-Alb mbH;1900100303058;AUTO_EXACT;100.0
ANU_VENS;rserheinsiegeisenbahngmbh;RSE Rhein-Sieg-Eisenbahn GmbH;RSE Rhein-Sieg-Eisenbahn GmbH;1900100303181;AUTO_EXACT;100.0
ANU_VENS;lokorailas;LOKORAIL, a.s.;LOKORAIL, a.s.;1900100303371;AUTO_EXACT;100.0
ANU_VENS;dpbrailinfraservicegmbh;DPB Rail Infra Service GmbH;DPB Rail Infra Service GmbH;1900100303420;AUTO_EXACT;100.0
ANE_TENS;cflcargodeutschlandgmbh;CFL Cargo Deutschland GmbH;CFL Cargo Deutschland GmbH;1900100400127;AUTO_EXACT;100.0
ANE_TENS;hsllogistikgmbh;HSL Logistik GmbH;HSL Logistik GmbH;1900100400325;AUTO_EXACT;100.0
ANE_TENS;tsscargoas;TSS Cargo a.s.;TSS Cargo a.s.;1900100400458;AUTO_EXACT;100.0
ANE_TENS;txlogistikag;TX Logistik AG;TX Logistik AG;1900100400664;AUTO_EXACT;100.0
ANE_TENS;alphatrainsluxembourgsrl;Alpha Trains Luxembourg S.à r.l.;Alpha Trains Luxembourg S.á.r.l.;1900100400747;AUTO_EXACT;100.0
ANE_TENS;retrackgermanygmbh;Retrack Germany Gmbh;Retrack Germany GmbH;1900100401563;AUTO_EXACT;100.0
ANE_TENS;ltedeltegermanygmbh;LTE DE - LTE Germany GmbH;LTE Germany GmbH;1900100402454;AUTO_EXACT;100.0
ANE_TENS;flexbahndienstleistungengmbh;Flex Bahndienstleistungen GmbH;Flex Bahndienstleistungen GmbH;1900100402496;AUTO_EXACT;100.0
ANE_TENS;dbinfragoag;DB InfraGO AG;DB InfraGO AG;1900100402503;AUTO_EXACT;100.0
ANE_TENS;viasrailgmbh;VIAS Rail GmbH;VIAS Rail GmbH;1900100403105;AUTO_EXACT;100.0
ANE_TENS;railseatractiongmbh;Rail & Sea Traction GmbH;Rail&Sea Traction GmbH;1900100403676;AUTO_EXACT;100.0
ANE_TENS;kswkreisbahnsiegenwittgensteingmbh;KSW Kreisbahn Siegen-Wittgenstein GmbH;KSW Kreisbahn Siegen-Wittgenstein GmbH;1900100404096;AUTO_EXACT;100.0
ANU_VENS;captraindeutschlandcargowestgmbh;Captrain Deutschland CargoWest GmbH;Captrain Deutschland CargoWest GmbH;1900100300103;AUTO_EXACT;100.0
ANU_VENS;transdevmitteldeutschlandgmbh;Transdev Mitteldeutschland GmbH;Transdev Mitteldeutschland GmbH;1900100300822;AUTO_EXACT;100.0
ANU_VENS;blpwiebelogistikgmbh;BLP Wiebe Logistik GmbH;BLP Wiebe Logistik GmbH;1900100301820;AUTO_EXACT;100.0
ANU_VENS;trainloggmbh;Trainlog GmbH;TrainLog GmbH;1900100302240;AUTO_EXACT;100.0
ANU_VENS;railcareag;railCare AG;railCare AG;1900100302381;AUTO_EXACT;100.0
ANU_VENS;railtransinternationalas;Railtrans International, a.s.;Railtrans International a.s.;1900100302589;AUTO_EXACT;100.0
ANU_VENS;rtbcargogmbh;RTB CARGO GmbH;RTB CARGO GmbH;1900100303397;AUTO_EXACT;100.0
ANU_VENS;hansebahnbremengmbh;Hansebahn Bremen GmbH;Hansebahn Bremen GmbH;1900100303537;AUTO_EXACT;100.0
ANU_VENS;schienengueterlogistikgmbh;Schienen Güter Logistik GmbH;SGL - Schienen Güter Logistik GmbH;1900100303587;AUTO_COSMETIC;100.0
ANE_TENS;itleisenbahngesellschaftmbh;ITL Eisenbahngesellschaft mbH;ITL-Eisenbahngesellschaft mbH;1900100400028;AUTO_EXACT;100.0
ANE_TENS;sbbcargodeutschlandgmbh;SBB Cargo Deutschland GmbH;SBB Cargo Deutschland GmbH;1900100400284;AUTO_EXACT;100.0
ANE_TENS;arcelormittaleisenhuettenstadttransportgmbh;ArcelorMittal Eisenhüttenstadt Transport GmbH;ArcelorMittal Eisenhüttenstadt Transport GmbH;1900100400383;AUTO_EXACT;100.0
ANE_TENS;legleipzigereisenbahnverkehrsgesellschaftmbh;LEG Leipziger Eisenbahnverkehrsgesellschaft mbH;LEG Leipziger Eisenbahnverkehrsgesellschaft mbH;1900100400581;AUTO_EXACT;100.0
ANE_TENS;eisenbahnlogistikvienenburg;Eisenbahnlogistik Vienenburg;ELV - Eisenbahnlogistik Vienenburg;1900100401068;AUTO_COSMETIC;100.0
ANE_TENS;esgeisenbahnservicegesellschaftmbh;ESG Eisenbahn Service Gesellschaft mbH;ESG Eisenbahn Service Gesellschaft mbH;1900100401331;AUTO_EXACT;100.0
ANE_TENS;lokotrainsro;LokoTrain s. r. o.;LokoTrain s.r.o.;1900100401612;AUTO_EXACT;100.0
ANE_TENS;gysevgyrsopronebenfurtivastzrt;GySEV (Győr-Sopron-Ebenfurti Vasút) Zrt.;GYSEV Zrt;1900100401901;AUTO_COSMETIC;100.0
ANE_TENS;salzlandrailservicegmbh;Salzland Rail Service GmbH;Salzland Rail Service GmbH;1900100402066;AUTO_EXACT;100.0
ANE_TENS;ercdgmbh;ERC.D GmbH;ERC.D GmbH;1900100402199;AUTO_EXACT;100.0
ANE_TENS;starkenbergergueterlogistikgmbh;Starkenberger Güterlogistik GmbH;STARKENBERGER Güterlogistik GmbH;1900100402230;AUTO_EXACT;100.0
ANE_TENS;stadlerrailvalenciasau;Stadler Rail Valencia S.A.U;Stadler Rail Valencia S.A.U.;1900100402868;AUTO_EXACT;100.0
ANE_TENS;sternhafferlverkehrsgesellschaftmbh;Stern & Hafferl Verkehrsgesellschaft m.b.H.;Stern & Hafferl Verkehrsgesellschaft m.b.H.;1900100402941;AUTO_EXACT;100.0
ANE_TENS;dortmundereisenbahngmbh;Dortmunder Eisenbahn GmbH;Dortmunder Eisenbahn GmbH;1900100403303;AUTO_EXACT;100.0
ANE_TENS;bahnptgmbh;Bahn PT GmbH;Bahn PT GmbH;1900100403593;AUTO_EXACT;100.0
ANU_VENS;dielaenderbahngmbhdlb;Die Länderbahn GmbH DLB;Die Länderbahn GmbH DLB;1900100300012;AUTO_EXACT;100.0
ANU_VENS;eurobahngmbhcokg;Eurobahn GmbH & Co. KG;eurobahn GmbH & Co. KG;1900100300088;AUTO_EXACT;100.0
ANU_VENS;metransraildeutschlandgmbh;METRANS Rail (Deutschland) GmbH;METRANS Rail (Deutschland) GmbH;1900100300187;AUTO_EXACT;100.0
ANU_VENS;railcargocarriergermanygmbh;Rail Cargo Carrier - Germany GmbH;Rail Cargo Carrier - Germany GmbH;1900100300278;AUTO_EXACT;100.0
ANU_VENS;abelliorailmitteldeutschlandgmbh;Abellio Rail Mitteldeutschland GmbH;Abellio Rail Mitteldeutschland GmbH;1900100300715;AUTO_EXACT;100.0
ANU_VENS;lokomotiongesellschaftfuerschienentraktionmbh;Lokomotion Gesellschaft für Schienentraktion mbH;LOKOMOTION Gesellschaft für Schienentraktion mbH;1900100300880;AUTO_EXACT;100.0
ANU_VENS;mindenerkreisbahnengmbh;Mindener Kreisbahnen GmbH;Mindener Kreisbahnen GmbH;1900100301002;AUTO_EXACT;100.0
ANU_VENS;loconlogistikconsultingag;Locon Logistik & Consulting AG;Locon Logistik & Consulting AG;1900100301151;AUTO_EXACT;100.0
ANU_VENS;nordlinergesellschaftfuereisenbahnverkehrmbh;Nordliner Gesellschaft für Eisenbahnverkehr mbH;Nordliner Gesellschaft für Eisenbahnverkehr mbH;1900100301804;AUTO_EXACT;100.0
ANU_VENS;siemensmobilitygmbh;Siemens Mobility GmbH;Siemens Mobility GmbH;1900100302183;AUTO_EXACT;100.0
ANU_VENS;smartrailgmbh;Smart Rail GmbH;smart rail GmbH;1900100302274;AUTO_EXACT;100.0
ANU_VENS;pkpcargointernationalas;PKP CARGO INTERNATIONAL a.s.;PKP CARGO INTERNATIONAL a.s.;1900100302638;AUTO_EXACT;100.0
ANU_VENS;budamarwestgmbh;Budamar West GmbH;BUDAMAR WEST GmbH;1900100302779;AUTO_EXACT;100.0
ANU_VENS;loconnectgmbh;LoConnect GmbH;LoConnect GmbH;1900100302828;AUTO_EXACT;100.0
ANU_VENS;nordbahnverkehrsgesellschaftostwestmbh;nordbahn Verkehrsgesellschaft Ost West mbH;nordbahn Verkehrsgesellschaft Ost-West mbH;1900100303230;AUTO_EXACT;100.0
ANU_VENS;nordbahnverkehrsgesellschaftnordmbh;nordbahn Verkehrsgesellschaft Nord mbH;nordbahn Verkehrsgesellschaft Nord mbH;1900100303248;AUTO_EXACT;100.0
ANE_TENS;rheincargogmbhcokg;RheinCargo GmbH & Co. KG;RheinCargo GmbH & Co. KG;1900100400119;AUTO_EXACT;100.0
ANE_TENS;albtalverkehrsgesellschaftmbh;Albtal-Verkehrs-Gesellschaft mbH;Albtal-Verkehrs-Gesellschaft mbH;1900100400193;AUTO_EXACT;100.0
ANE_TENS;nbenordbahneisenbahngesellschaftmbhcokg;NBE nordbahn Eisenbahngesellschaft mbH & Co. KG;NBE nordbahn Eisenbahngesellschaft mbH & Co. KG;1900100400333;AUTO_EXACT;100.0
ANE_TENS;dbfernverkehrag;DB Fernverkehr AG..;DB Fernverkehr AG;1900100401943;AUTO_EXACT;100.0
ANE_TENS;swissrailtrafficag;Swiss Rail Traffic AG;Swiss Rail Traffic AG;1900100402016;AUTO_EXACT;100.0
ANE_TENS;heavyhaulpowerinternationalgmbh;Heavy Haul Power International GmbH;Heavy Haul Power International GmbH;1900100402371;AUTO_EXACT;100.0
ANE_TENS;ltegermanygmbh;LTE Germany GmbH;LTE Germany GmbH;1900100402454;AUTO_EXACT;100.0
ANE_TENS;sbahnhamburggmbh;S-Bahn Hamburg GmbH;S-Bahn Hamburg GmbH;1900100402975;AUTO_EXACT;100.0
ANU_VENS;rheincargogmbhcokg;RheinCargo GmbH & Co. KG;RheinCargo GmbH & Co. KG;1900100300111;AUTO_EXACT;100.0
ANU_VENS;albtalverkehrsgesellschaftmbh;Albtal-Verkehrs-Gesellschaft mbH;Albtal-Verkehrs-Gesellschaft mbH;1900100300195;AUTO_EXACT;100.0
ANU_VENS;nbenordbahneisenbahngesellschaftmbhcokg;NBE nordbahn Eisenbahngesellschaft mbH & Co. KG;NBE nordbahn Eisenbahngesellschaft mbH & Co. KG;1900100300335;AUTO_EXACT;100.0
ANU_VENS;dbfernverkehrag;DB Fernverkehr AG..;DB Fernverkehr AG;1900100301945;AUTO_EXACT;100.0
ANU_VENS;swissrailtrafficag;Swiss Rail Traffic AG;Swiss Rail Traffic AG;1900100302018;AUTO_EXACT;100.0
ANU_VENS;heavyhaulpowerinternationalgmbh;Heavy Haul Power International GmbH;Heavy Haul Power International GmbH;1900100302373;AUTO_EXACT;100.0
ANU_VENS;ltegermanygmbh;LTE Germany GmbH;LTE Germany GmbH;1900100302456;AUTO_EXACT;100.0
ANU_VENS;sbahnhamburggmbh;S-Bahn Hamburg GmbH;S-Bahn Hamburg GmbH;1900100302977;AUTO_EXACT;100.0
ANE_TENS;dielaenderbahngmbhdlb;Die Länderbahn GmbH DLB;Die Länderbahn GmbH DLB;1900100400010;AUTO_EXACT;100.0
ANE_TENS;eurobahngmbhcokg;Eurobahn GmbH & Co. KG;eurobahn GmbH & Co. KG;1900100400086;AUTO_EXACT;100.0
ANE_TENS;metransraildeutschlandgmbh;METRANS Rail (Deutschland) GmbH;METRANS Rail (Deutschland) GmbH;1900100400185;AUTO_EXACT;100.0
ANE_TENS;railcargocarriergermanygmbh;Rail Cargo Carrier - Germany GmbH;Rail Cargo Carrier - Germany GmbH;1900100400276;AUTO_EXACT;100.0
ANE_TENS;abelliorailmitteldeutschlandgmbh;Abellio Rail Mitteldeutschland GmbH;Abellio Rail Mitteldeutschland GmbH;1900100400713;AUTO_EXACT;100.0
ANE_TENS;lokomotiongesellschaftfuerschienentraktionmbh;Lokomotion Gesellschaft für Schienentraktion mbH;LOKOMOTION Gesellschaft für Schienentraktion mbH;1900100400888;AUTO_EXACT;100.0
ANE_TENS;mindenerkreisbahnengmbh;Mindener Kreisbahnen GmbH;Mindener Kreisbahnen GmbH;1900100401000;AUTO_EXACT;100.0
ANE_TENS;loconlogistikconsultingag;Locon Logistik & Consulting AG;Locon Logistik & Consulting AG;1900100401159;AUTO_EXACT;100.0
ANE_TENS;nordlinergesellschaftfuereisenbahnverkehrmbh;Nordliner Gesellschaft für Eisenbahnverkehr mbH;Nordliner Gesellschaft für Eisenbahnverkehr mbH;1900100401802;AUTO_EXACT;100.0
ANE_TENS;siemensmobilitygmbh;Siemens Mobility GmbH;Siemens Mobility GmbH;1900100402181;AUTO_EXACT;100.0
ANE_TENS;smartrailgmbh;Smart Rail GmbH;smart rail GmbH;1900100402272;AUTO_EXACT;100.0
ANE_TENS;pkpcargointernationalas;PKP CARGO INTERNATIONAL a.s.;PKP CARGO INTERNATIONAL a.s.;1900100402636;AUTO_EXACT;100.0
ANE_TENS;budamarwestgmbh;Budamar West GmbH;BUDAMAR WEST GmbH;1900100402777;AUTO_EXACT;100.0
ANE_TENS;loconnectgmbh;LoConnect GmbH;LoConnect GmbH;1900100402826;AUTO_EXACT;100.0
ANE_TENS;nordbahnverkehrsgesellschaftostwestmbh;nordbahn Verkehrsgesellschaft Ost West mbH;nordbahn Verkehrsgesellschaft Ost-West mbH;1900100403238;AUTO_EXACT;100.0
ANE_TENS;nordbahnverkehrsgesellschaftnordmbh;nordbahn Verkehrsgesellschaft Nord mbH;nordbahn Verkehrsgesellschaft Nord mbH;1900100403246;AUTO_EXACT;100.0
DIENSTLEISTER;uklitlogistikgmbh;UKL iT & Logistik GmbH;UKL iT & Logistik GmbH;1900100390013;AUTO_EXACT;100.0
ANU_VENS;cantusverkehrsgesellschaftmbh;Cantus Verkehrsgesellschaft mbH;cantus Verkehrsgesellschaft mbH;1900100300038;AUTO_EXACT;100.0
ANU_VENS;beaconrailcapitaleuropegmbh;Beacon Rail Capital Europe GmbH;Beacon Rail Capital Europe GmbH;1900100300054;AUTO_EXACT;100.0
ANU_VENS;westfaelischelandeseisenbahngmbh;Westfälische Landes-Eisenbahn GmbH;Westfälische Landes-Eisenbahn GmbH;1900100300161;AUTO_EXACT;100.0
ANU_VENS;saarbahngmbh;Saarbahn GmbH;Saarbahn GmbH;1900100300707;AUTO_EXACT;100.0
ANU_VENS;eisenbahngesellschaftpotsdammbh;Eisenbahngesellschaft Potsdam mbH;Eisenbahngesellschaft Potsdam mbH;1900100301078;AUTO_EXACT;100.0
ANU_VENS;integroverkehrgmbh;IntEgro Verkehr GmbH;IntEgro Verkehr GmbH;1900100301242;AUTO_EXACT;100.0
ANU_VENS;meveisenbahnverkehrsgesellschaftmbh;MEV Eisenbahn-Verkehrsgesellschaft mbH;MEV Eisenbahn-Verkehrsgesellschaft mbH;1900100301458;AUTO_EXACT;100.0
ANU_VENS;eisenbahnbauundbetriebsgesellschaftpressnitztalbahnmbh;Eisenbahn-Bau- und Betriebsgesellschaft Pressnitztalbahn mbH;Eisenbahn-Bau- und Betriebsgesellschaft Pressnitztalbahn mbH;1900100301490;AUTO_EXACT;100.0
ANU_VENS;freightlinerdegmbh;Freightliner DE GmbH;Freightliner DE GmbH;1900100301599;AUTO_EXACT;100.0
ANU_VENS;hafenkrefeldgmbhcokg;Hafen Krefeld GmbH & Co. KG;Hafen Krefeld GmbH & Co. KG;1900100302919;AUTO_EXACT;100.0
ANU_VENS;smartrailtractiongmbh;Smart Rail Traction GmbH;smart rail traction GmbH;1900100303115;AUTO_EXACT;100.0
ANU_VENS;bugvermietungsgesellschaftmbh;BUG Vermietungsgesellschaft mbH;BUG Vermietungsgesellschaft mbH;1900100303280;AUTO_EXACT;100.0
ANU_VENS;duisportrailgmbh;duisport rail GmbH;duisport rail GmbH;1900100303355;AUTO_EXACT;100.0
ANU_VENS;railtractioncompanyspa;RAIL TRACTION COMPANY S.p.A.;Rail Traction Company S.p.A.;1900100303959;AUTO_EXACT;100.0
ANE_TENS;railpoolgmbh;Railpool Gmbh;Railpool GmbH;1900100400060;AUTO_EXACT;100.0
ANE_TENS;havellaendischeeisenbahnag;Havelländische Eisenbahn AG;Havelländische Eisenbahn AG;1900100400367;AUTO_EXACT;100.0
ANE_TENS;btebahntouristikexpressgmbh;BTE BahnTouristikExpress GmbH;BTE BahnTouristikExpress GmbH;1900100401026;AUTO_EXACT;100.0
ANE_TENS;eichholzeivelgmbh;Eichholz EIVEL GmbH;Eichholz Eivel GmbH;1900100401430;AUTO_EXACT;100.0
ANE_TENS;greencargoab;Green Cargo AB;Green Cargo AB;1900100401729;AUTO_EXACT;100.0
ANE_TENS;europortefrance;Europorte France;EUROPORTE France;1900100401795;AUTO_EXACT;100.0
ANE_TENS;dbcargofrancesas;DB Cargo France SAS;DB Cargo France SAS;1900100401810;AUTO_EXACT;100.0
ANE_TENS;bbllogistikgmbh;BBL Logistik GmbH;BBL Logistik GmbH;1900100402131;AUTO_EXACT;100.0
ANE_TENS;regioinfraservicesachsengmbh;Regio Infra Service Sachsen GmbH;Regio Infra Service Sachsen GmbH;1900100402701;AUTO_EXACT;100.0
ANE_TENS;cargounitspzoo;Cargounit sp. z o. o.;CARGOUNIT Sp. z o.o.;1900100402793;AUTO_EXACT;100.0
ANE_TENS;weseremseisenbahngmbh;Weser Ems Eisenbahn GmbH;Weser Ems Eisenbahn GmbH;1900100403014;AUTO_EXACT;100.0
ANU_VENS;cflcargosa;CFL cargo S.A.;CFL Cargo S.A.;1900100300179;AUTO_EXACT;100.0
ANU_VENS;evbelbewesergmbh;EVB Elbe-Weser GmbH;EVB Elbe-Weser GmbH;1900100300632;AUTO_EXACT;100.0
ANU_VENS;georgverkehrsorganisationgmbh;Georg Verkehrsorganisation GmbH;Georg Verkehrsorganisation GmbH;1900100301234;AUTO_EXACT;100.0
ANU_VENS;triangulalogistikgmbh;TRIANGULA Logistik GmbH;TRIANGULA Logistik GmbH;1900100301763;AUTO_EXACT;100.0
ANU_VENS;netzwerkbahnsachsengmbh;Netzwerkbahn Sachsen GmbH;Netzwerkbahn Sachsen GmbH;1900100302399;AUTO_EXACT;100.0
ANU_VENS;gffgesellschaftfurfahrzeugtechnikmbh;GfF Gesellschaft fur Fahrzeugtechnik mbH;GfF Gesellschaft für Fahrzeugtechnik mbH;1900100302414;AUTO_EXACT;100.0
ANU_VENS;transdevhannovergmbh;Transdev Hannover GmbH;Transdev Hannover GmbH;1900100302802;AUTO_EXACT;100.0
ANU_VENS;lwclappwaldbahncargogmbh;LWC Lappwaldbahn Cargo GmbH;LWC Lappwaldbahn Cargo GmbH;1900100303363;AUTO_EXACT;100.0
ANU_VENS;raaberbahncargogmbh;Raaberbahn Cargo GmbH;Raaberbahn Cargo GmbH;1900100303404;AUTO_EXACT;100.0
ANU_VENS;europeanlocpoolag;European Loc Pool AG;European Loc Pool AG;1900100303496;AUTO_EXACT;100.0
ANU_VENS;strabagrailfahrleitungengmbh;STRABAG Rail Fahrleitungen GmbH;STRABAG Rail Fahrleitungen GmbH;1900100303553;AUTO_EXACT;100.0
ANE_TENS;rail4captraingmbh;Rail4Captrain GmbH;Rail4Captrain GmbH;1900100400078;AUTO_EXACT;100.0
ANE_TENS;ellgermanygmbh;ELL Germany GmbH;ELL Germany GmbH;1900100400200;AUTO_EXACT;100.0
ANE_TENS;raildoxgmbhcokg;Raildox GmbH & Co. KG;Raildox GmbH & Co.KG;1900100401042;AUTO_EXACT;100.0
ANE_TENS;bbpersonenverkehrag;ÖBB Personenverkehr AG;ÖBB-Personenverkehr AG;1900100401406;AUTO_EXACT;100.0
ANE_TENS;infraleunagmbh;InfraLeuna GmbH;InfraLeuna GmbH;1900100401414;AUTO_EXACT;100.0
ANE_TENS;alstomtransportationgermanygmbh;Alstom Transportation Germany GmbH;ALSTOM Transportation Germany GmbH;1900100401589;AUTO_EXACT;100.0
ANE_TENS;steiermarkbahntransportundlogistikgmbh;STEIERMARKBAHN Transport und Logistik GmbH;Steiermarkbahn Transport & Logistik GmbH;1900100401670;AUTO_EXACT;100.0
ANE_TENS;lokpartnergmbhcokg;Lok-Partner GmbH & Co.KG;Lok-Partner GmbH & Co. KG;1900100401886;AUTO_EXACT;100.0
ANE_TENS;lausitzenergiebergbauag;Lausitz Energie Bergbau AG;Lausitz Energie Bergbau AG;1900100402256;AUTO_EXACT;100.0
ANE_TENS;dbsystemtechnikgmbh;DB Systemtechnik GmbH;DB Systemtechnik GmbH;1900100402537;AUTO_EXACT;100.0
ANE_TENS;rail2ubv;Rail2U B.V.;Rail2U B.V.;1900100402909;AUTO_EXACT;100.0
ANE_TENS;nordicrailservicegmbh;Nordic Rail Service GmbH;Nordic Rail Service GmbH;1900100402991;AUTO_EXACT;100.0
ANE_TENS;tenforty2railgmbh;Tenforty2 Rail GmbH;Tenforty2-Rail GmbH;1900100403147;AUTO_EXACT;100.0
ANE_TENS;leonhardweissgmbhcokg;Leonhard Weiss GmbH & Co. KG;LEONHARD WEISS GmbH & Co. KG;1900100403460;AUTO_EXACT;100.0
ANE_TENS;gtsrailspa;GTS Rail S.p.A.;GTS Rail S.p.A.;1900100403741;AUTO_EXACT;100.0
ANE_TENS;bentheimereisenbahnag;Bentheimer Eisenbahn AG;Bentheimer Eisenbahn AG;1900100404004;AUTO_EXACT;100.0
ANU_VENS;boxxpressdegmbh;boxXPress.de GmbH;boxXpress.de GmbH;1900100300046;AUTO_EXACT;100.0
ANU_VENS;staudenverkehrsgmbh;Stauden-Verkehrs-GmbH;Stauden-Verkehrs-GmbH;1900100300468;AUTO_EXACT;100.0
ANU_VENS;emonsbahntransportegmbh;Emons Bahntransporte GmbH;Emons Bahntransporte GmbH;1900100300690;AUTO_EXACT;100.0
ANU_VENS;vulkaneifelbahnbetriebsgesellschaftmbh;Vulkan-Eifel-Bahn Betriebsgesellschaft mbH;Vulkan-Eifel-Bahn Betriebsgesellschaft mbH;1900100301193;AUTO_EXACT;100.0
ANU_VENS;sncfvoyagesdeutschlandgmbh;SNCF Voyages Deutschland GmbH;SNCF Voyages Deutschland GmbH;1900100301698;AUTO_EXACT;100.0
ANU_VENS;bahnlogistik24gmbh;Bahnlogistik24 GmbH;Bahnlogistik24 GmbH;1900100301838;AUTO_EXACT;100.0
ANU_VENS;vlexxgmbh;vlexx GmbH;vlexx GmbH;1900100302282;AUTO_EXACT;100.0
ANU_VENS;twentyonegmbh;Twentyone GmbH;twentyone GmbH;1900100302597;AUTO_EXACT;100.0
ANU_VENS;railforceonegermanygmbh;Rail Force One Germany GmbH;Rail Force One Germany GmbH;1900100302646;AUTO_EXACT;100.0
ANU_VENS;cargomotionsro;Cargo Motion s.r.o.;Cargo Motion s.r.o.;1900100303991;AUTO_EXACT;100.0
ANE_TENS;metronomeisenbahngesellschaftmbh;metronom Eisenbahngesellschaft mbH;metronom Eisenbahngesellschaft mbH;1900100400218;AUTO_EXACT;100.0
ANE_TENS;blscargonordnv;BLS Cargo Nord NV;BLS Cargo Nord NV;1900100400317;AUTO_EXACT;100.0
ANE_TENS;railadventuregmbh;RailAdventure GmbH;RailAdventure GmbH;1900100401034;AUTO_EXACT;100.0
ANE_TENS;ctllogisticsgmbh;CTL Logistics GmbH;CTL Logistics GmbH;1900100401373;AUTO_EXACT;100.0
ANE_TENS;loconbeneluxbv;Locon Benelux B.V.;Locon Benelux B.V.;1900100401521;AUTO_EXACT;100.0
ANE_TENS;dbcargoag;DB Cargo AG.;DB Cargo AG;1900100401620;AUTO_EXACT;100.0
ANE_TENS;westbahnmanagementgmbh;WESTbahn Management GmbH;WESTbahn Management GmbH;1900100401927;AUTO_EXACT;100.0
ANE_TENS;train4traingmbh;Train4Train GmbH;Train4Train GmbH;1900100402173;AUTO_EXACT;100.0
ANE_TENS;rennsteigbahngmbhcokg;Rennsteigbahn GmbH & Co KG;Rennsteigbahn GmbH & Co. KG;1900100402264;AUTO_EXACT;100.0
ANE_TENS;lokpartnerbetriebsgesellschaftmbhcokg;Lok-Partner Betriebsgesellschaft mbH & Co. KG;Lok-Partner Betriebsgesellschaft mbH & Co. KG;1900100402818;AUTO_EXACT;100.0
ANE_TENS;eifelbahnverkehrsgesellschaftmbh;Eifelbahn Verkehrsgesellschaft mbH;Eifelbahn Verkehrsgesellschaft mbH;1900100403022;AUTO_EXACT;100.0
ANE_TENS;cdcargoas;CD Cargo a.s.;CD Cargo a.s.;1900100403139;AUTO_EXACT;100.0
ANE_TENS;konrailgmbh;KonRail GmbH;KonRail GmbH;1900100403478;AUTO_EXACT;100.0
ANE_TENS;intertourexgmbh;InterTourex GmbH;InterTourex GmbH;1900100403486;AUTO_EXACT;100.0
ANE_TENS;dunddeisenbahngesellschaftmbh;D und D Eisenbahngesellschaft mbH;D & D Eisenbahngesellschaft mbH;1900100403874;AUTO_EXACT;100.0
ANE_TENS;basfse;BASF SE;BASF SE;1900100403973;AUTO_EXACT;100.0
ANE_TENS;nordicrefinanceab;Nordic Re-Finance AB;Nordic Re-Finance AB;1900100404046;AUTO_EXACT;100.0
DIENSTLEISTER;railizergbr;Railizer  Gbr;railizer GbR;1900100390021;AUTO_EXACT;100.0
