source_table;source_row_id;loco_no;transport_number;actual_departure_ts;actual_arrival_ts;match_reason;catalog_source
raw_locomotivemovement;17330;91806999002-9;451133;2026-05-23 01:00:00;2026-05-23 05:45:00;LocomotiveType enthaelt Dummy: Dummy;raw_locomotivemovement.LocomotiveType
raw_locomotivemovement;10812;91806999002-9;456282;2026-05-24 13:53:00;2026-05-24 14:15:00;LocomotiveType enthaelt Dummy: Dummy;raw_locomotivemovement.LocomotiveType
raw_locomotivemovement;16431;91806999002-9;456283;2026-05-24 14:50:00;2026-05-24 15:04:00;LocomotiveType enthaelt Dummy: Dummy;raw_locomotivemovement.LocomotiveType
raw_locomotivemovement;19857;91806999002-9;457260;2026-05-25 07:32:00;2026-05-25 07:59:00;LocomotiveType enthaelt Dummy: Dummy;raw_locomotivemovement.LocomotiveType
raw_locomotivemovement;8325;91806999002-9;457261;2026-05-25 10:46:00;2026-05-25 11:08:00;LocomotiveType enthaelt Dummy: Dummy;raw_locomotivemovement.LocomotiveType
raw_locomotivemovement;3449;91806999002-9;457089;2026-05-26 04:55:00;2026-05-26 05:09:00;LocomotiveType enthaelt Dummy: Dummy;raw_locomotivemovement.LocomotiveType
raw_locomotivemovement;20494;91806999002-9;457097;2026-05-26 11:31:00;2026-05-26 11:52:00;LocomotiveType enthaelt Dummy: Dummy;raw_locomotivemovement.LocomotiveType
raw_locomotivemovement;19829;91806999002-9;451568;2026-05-26 21:40:00;2026-05-26 22:35:00;LocomotiveType enthaelt Dummy: Dummy;raw_locomotivemovement.LocomotiveType
raw_locomotivemovement;6411;91806999002-9;458169;2026-05-30 17:21:00;2026-05-30 17:45:00;LocomotiveType enthaelt Dummy: Dummy;raw_locomotivemovement.LocomotiveType
raw_locomotivemovement;441;91806999002-9;458383;2026-05-30 18:30:00;2026-05-30 18:43:00;LocomotiveType enthaelt Dummy: Dummy;raw_locomotivemovement.LocomotiveType
raw_locomotivemovement;14538;91806999002-9;451503;2026-06-02 08:44:00;2026-06-02 10:20:00;LocomotiveType enthaelt Dummy: Dummy;raw_locomotivemovement.LocomotiveType
raw_locomotivemovement;11142;91806999002-9;458402;2026-06-02 16:11:00;2026-06-02 16:25:00;LocomotiveType enthaelt Dummy: Dummy;raw_locomotivemovement.LocomotiveType
raw_locomotivemovement;2354;91806999002-9;458405;2026-06-02 17:20:00;2026-06-02 17:33:00;LocomotiveType enthaelt Dummy: Dummy;raw_locomotivemovement.LocomotiveType
raw_locomotivemovement;13010;91806999002-9;457969;2026-06-08 11:13:00;2026-06-08 12:57:00;LocomotiveType enthaelt Dummy: Dummy;raw_locomotivemovement.LocomotiveType
raw_locomotivemovement;6080;91806999002-9;455819;2026-06-09 08:00:00;2026-06-09 10:00:00;LocomotiveType enthaelt Dummy: Dummy;raw_locomotivemovement.LocomotiveType
raw_locomotivemovement;16885;91806999002-9;460275;2026-06-15 13:02:00;2026-06-15 15:10:00;LocomotiveType enthaelt Dummy: Dummy;raw_locomotivemovement.LocomotiveType
raw_locomotivemovement;16886;91806999002-9;460275;2026-06-15 15:11:00;2026-06-15 19:58:00;LocomotiveType enthaelt Dummy: Dummy;raw_locomotivemovement.LocomotiveType
raw_locomotivemovement;17527;91806999002-9;437635;2026-06-16 10:42:00;2026-06-16 11:32:00;LocomotiveType enthaelt Dummy: Dummy;raw_locomotivemovement.LocomotiveType
raw_locomotivemovement;17525;91806999002-9;437635;2026-06-17 07:34:00;2026-06-17 17:12:00;LocomotiveType enthaelt Dummy: Dummy;raw_locomotivemovement.LocomotiveType
raw_locomotivemovement;15457;91806999002-9;461394;2026-06-17 11:13:00;2026-06-17 11:28:00;LocomotiveType enthaelt Dummy: Dummy;raw_locomotivemovement.LocomotiveType
raw_locomotivemovement;15456;91806999002-9;461394;2026-06-17 11:28:00;2026-06-17 11:28:00;LocomotiveType enthaelt Dummy: Dummy;raw_locomotivemovement.LocomotiveType
raw_locomotivemovement;14430;91806999002-9;461397;2026-06-17 13:31:00;2026-06-17 13:47:00;LocomotiveType enthaelt Dummy: Dummy;raw_locomotivemovement.LocomotiveType
raw_locomotivemovement;17526;91806999002-9;437635;2026-06-17 17:20:00;2026-06-17 17:40:00;LocomotiveType enthaelt Dummy: Dummy;raw_locomotivemovement.LocomotiveType
raw_locomotivemovement;18925;91850000002-4;451824;2026-05-25 20:00:00;2026-05-25 22:30:00;Bekannte Planungs-/Dummy-Loknummer;data/01_mapping/dummy_locomotives.csv
raw_locomotivemovement;18926;91850000002-4;451824;2026-05-25 22:30:00;2026-05-25 23:30:00;Bekannte Planungs-/Dummy-Loknummer;data/01_mapping/dummy_locomotives.csv
raw_locomotivemovement;18922;91850000002-4;451824;2026-05-25 23:30:00;2026-05-26 12:45:00;Bekannte Planungs-/Dummy-Loknummer;data/01_mapping/dummy_locomotives.csv
raw_locomotivemovement;18923;91850000002-4;451824;2026-05-26 12:45:00;2026-05-26 15:30:00;Bekannte Planungs-/Dummy-Loknummer;data/01_mapping/dummy_locomotives.csv
raw_locomotivemovement;18917;91850000002-4;451824;2026-05-26 15:30:00;2026-05-26 16:15:00;Bekannte Planungs-/Dummy-Loknummer;data/01_mapping/dummy_locomotives.csv
raw_locomotivemovement;18918;91850000002-4;451824;2026-05-26 16:15:00;2026-05-26 16:19:00;Bekannte Planungs-/Dummy-Loknummer;data/01_mapping/dummy_locomotives.csv
raw_locomotivemovement;18919;91850000002-4;451824;2026-05-26 16:19:00;2026-05-26 19:29:00;Bekannte Planungs-/Dummy-Loknummer;data/01_mapping/dummy_locomotives.csv
raw_locomotivemovement;18924;91850000002-4;451824;2026-05-26 19:29:00;2026-05-26 19:47:00;Bekannte Planungs-/Dummy-Loknummer;data/01_mapping/dummy_locomotives.csv
raw_locomotivemovement;18920;91850000002-4;451824;2026-05-26 19:47:00;2026-05-26 20:38:00;Bekannte Planungs-/Dummy-Loknummer;data/01_mapping/dummy_locomotives.csv
raw_locomotivemovement;18921;91850000002-4;451824;2026-05-26 20:38:00;2026-05-26 20:58:00;Bekannte Planungs-/Dummy-Loknummer;data/01_mapping/dummy_locomotives.csv
raw_locomotivemovement;19193;91850000002-4;451804;2026-05-27 08:25:00;2026-05-27 09:15:00;Bekannte Planungs-/Dummy-Loknummer;data/01_mapping/dummy_locomotives.csv
raw_locomotivemovement;19199;91850000002-4;451804;2026-05-27 09:15:00;2026-05-27 09:43:00;Bekannte Planungs-/Dummy-Loknummer;data/01_mapping/dummy_locomotives.csv
raw_locomotivemovement;19197;91850000002-4;451804;2026-05-27 09:43:00;2026-05-27 09:55:00;Bekannte Planungs-/Dummy-Loknummer;data/01_mapping/dummy_locomotives.csv
raw_locomotivemovement;19198;91850000002-4;451804;2026-05-27 09:55:00;2026-05-27 10:05:00;Bekannte Planungs-/Dummy-Loknummer;data/01_mapping/dummy_locomotives.csv
raw_locomotivemovement;19196;91850000002-4;451804;2026-05-27 10:05:00;2026-05-27 10:20:00;Bekannte Planungs-/Dummy-Loknummer;data/01_mapping/dummy_locomotives.csv
raw_locomotivemovement;19194;91850000002-4;451804;2026-05-27 10:20:00;2026-05-27 10:39:00;Bekannte Planungs-/Dummy-Loknummer;data/01_mapping/dummy_locomotives.csv
raw_locomotivemovement;19195;91850000002-4;451804;2026-05-27 10:39:00;2026-05-27 10:44:00;Bekannte Planungs-/Dummy-Loknummer;data/01_mapping/dummy_locomotives.csv
raw_locomotivemovement;19200;91850000002-4;451804;2026-05-27 10:44:00;2026-05-27 10:49:00;Bekannte Planungs-/Dummy-Loknummer;data/01_mapping/dummy_locomotives.csv
raw_locomotivemovement;19204;91850000002-4;451804;2026-05-27 10:49:00;2026-05-27 12:15:00;Bekannte Planungs-/Dummy-Loknummer;data/01_mapping/dummy_locomotives.csv
raw_locomotivemovement;19202;91850000002-4;451804;2026-05-27 12:15:00;2026-05-28 00:45:00;Bekannte Planungs-/Dummy-Loknummer;data/01_mapping/dummy_locomotives.csv
raw_locomotivemovement;19203;91850000002-4;451804;2026-05-28 00:45:00;2026-05-28 01:00:00;Bekannte Planungs-/Dummy-Loknummer;data/01_mapping/dummy_locomotives.csv
raw_locomotivemovement;19201;91850000002-4;451804;2026-05-28 01:45:00;2026-05-28 04:15:00;Bekannte Planungs-/Dummy-Loknummer;data/01_mapping/dummy_locomotives.csv
raw_locomotivemovement;12580;91850000002-4;451823;2026-05-28 20:00:00;2026-05-28 22:30:00;Bekannte Planungs-/Dummy-Loknummer;data/01_mapping/dummy_locomotives.csv
raw_locomotivemovement;12578;91850000002-4;451823;2026-05-28 22:30:00;2026-05-28 23:30:00;Bekannte Planungs-/Dummy-Loknummer;data/01_mapping/dummy_locomotives.csv
raw_locomotivemovement;12581;91850000002-4;451823;2026-05-28 23:30:00;2026-05-29 14:09:00;Bekannte Planungs-/Dummy-Loknummer;data/01_mapping/dummy_locomotives.csv
raw_locomotivemovement;12577;91850000002-4;451823;2026-05-29 14:09:00;2026-05-29 15:55:00;Bekannte Planungs-/Dummy-Loknummer;data/01_mapping/dummy_locomotives.csv
raw_locomotivemovement;12572;91850000002-4;451823;2026-05-29 16:04:00;2026-05-29 16:49:00;Bekannte Planungs-/Dummy-Loknummer;data/01_mapping/dummy_locomotives.csv
raw_locomotivemovement;12573;91850000002-4;451823;2026-05-29 16:49:00;2026-05-29 16:59:00;Bekannte Planungs-/Dummy-Loknummer;data/01_mapping/dummy_locomotives.csv
raw_locomotivemovement;12574;91850000002-4;451823;2026-05-29 16:59:00;2026-05-29 17:04:00;Bekannte Planungs-/Dummy-Loknummer;data/01_mapping/dummy_locomotives.csv
raw_locomotivemovement;12579;91850000002-4;451823;2026-05-29 17:04:00;2026-05-29 17:16:00;Bekannte Planungs-/Dummy-Loknummer;data/01_mapping/dummy_locomotives.csv
raw_locomotivemovement;12575;91850000002-4;451823;2026-05-29 17:16:00;2026-05-29 18:01:00;Bekannte Planungs-/Dummy-Loknummer;data/01_mapping/dummy_locomotives.csv
raw_locomotivemovement;12576;91850000002-4;451823;2026-05-29 18:01:00;2026-05-29 18:44:00;Bekannte Planungs-/Dummy-Loknummer;data/01_mapping/dummy_locomotives.csv
raw_locomotivemovement;18124;91850000002-4;451805;2026-05-30 08:29:00;2026-05-30 10:15:00;Bekannte Planungs-/Dummy-Loknummer;data/01_mapping/dummy_locomotives.csv
raw_locomotivemovement;18125;91850000002-4;451805;2026-05-30 10:15:00;2026-05-30 10:40:00;Bekannte Planungs-/Dummy-Loknummer;data/01_mapping/dummy_locomotives.csv
raw_locomotivemovement;18126;91850000002-4;451805;2026-05-30 10:40:00;2026-05-30 10:52:00;Bekannte Planungs-/Dummy-Loknummer;data/01_mapping/dummy_locomotives.csv
raw_locomotivemovement;18127;91850000002-4;451805;2026-05-30 10:52:00;2026-05-30 11:02:00;Bekannte Planungs-/Dummy-Loknummer;data/01_mapping/dummy_locomotives.csv
raw_locomotivemovement;18132;91850000002-4;451805;2026-05-30 11:02:00;2026-05-30 11:05:00;Bekannte Planungs-/Dummy-Loknummer;data/01_mapping/dummy_locomotives.csv
raw_locomotivemovement;18128;91850000002-4;451805;2026-05-30 11:06:00;2026-05-30 11:18:00;Bekannte Planungs-/Dummy-Loknummer;data/01_mapping/dummy_locomotives.csv
raw_locomotivemovement;18135;91850000002-4;451805;2026-05-30 11:18:00;2026-05-30 11:27:00;Bekannte Planungs-/Dummy-Loknummer;data/01_mapping/dummy_locomotives.csv
raw_locomotivemovement;18129;91850000002-4;451805;2026-05-30 11:27:00;2026-05-30 11:32:00;Bekannte Planungs-/Dummy-Loknummer;data/01_mapping/dummy_locomotives.csv
raw_locomotivemovement;18133;91850000002-4;451805;2026-05-30 11:32:00;2026-05-30 13:44:00;Bekannte Planungs-/Dummy-Loknummer;data/01_mapping/dummy_locomotives.csv
raw_locomotivemovement;18134;91850000002-4;451805;2026-05-30 13:44:00;2026-05-31 07:14:00;Bekannte Planungs-/Dummy-Loknummer;data/01_mapping/dummy_locomotives.csv
raw_locomotivemovement;18131;91850000002-4;451805;2026-05-31 07:14:00;2026-05-31 08:00:00;Bekannte Planungs-/Dummy-Loknummer;data/01_mapping/dummy_locomotives.csv
raw_locomotivemovement;18130;91850000002-4;451805;2026-05-31 09:44:00;2026-05-31 12:14:00;Bekannte Planungs-/Dummy-Loknummer;data/01_mapping/dummy_locomotives.csv
raw_locomotivemovement;18863;91850000002-4;454183;2026-06-04 20:00:00;2026-06-04 22:30:00;Bekannte Planungs-/Dummy-Loknummer;data/01_mapping/dummy_locomotives.csv
raw_locomotivemovement;18860;91850000002-4;454183;2026-06-04 22:30:00;2026-06-04 23:30:00;Bekannte Planungs-/Dummy-Loknummer;data/01_mapping/dummy_locomotives.csv
raw_locomotivemovement;18861;91850000002-4;454183;2026-06-04 23:30:00;2026-06-05 14:00:00;Bekannte Planungs-/Dummy-Loknummer;data/01_mapping/dummy_locomotives.csv
raw_locomotivemovement;18864;91850000002-4;454183;2026-06-05 14:00:00;2026-06-05 15:55:00;Bekannte Planungs-/Dummy-Loknummer;data/01_mapping/dummy_locomotives.csv
raw_locomotivemovement;18855;91850000002-4;454183;2026-06-05 15:55:00;2026-06-05 16:37:00;Bekannte Planungs-/Dummy-Loknummer;data/01_mapping/dummy_locomotives.csv
raw_locomotivemovement;18856;91850000002-4;454183;2026-06-05 16:37:00;2026-06-05 16:37:00;Bekannte Planungs-/Dummy-Loknummer;data/01_mapping/dummy_locomotives.csv
raw_locomotivemovement;18857;91850000002-4;454183;2026-06-05 16:37:00;2026-06-05 16:44:00;Bekannte Planungs-/Dummy-Loknummer;data/01_mapping/dummy_locomotives.csv
raw_locomotivemovement;18862;91850000002-4;454183;2026-06-05 16:44:00;2026-06-05 16:52:00;Bekannte Planungs-/Dummy-Loknummer;data/01_mapping/dummy_locomotives.csv
raw_locomotivemovement;18858;91850000002-4;454183;2026-06-05 17:02:00;2026-06-05 18:07:00;Bekannte Planungs-/Dummy-Loknummer;data/01_mapping/dummy_locomotives.csv
raw_locomotivemovement;18859;91850000002-4;454183;2026-06-05 18:41:00;2026-06-05 19:08:00;Bekannte Planungs-/Dummy-Loknummer;data/01_mapping/dummy_locomotives.csv
raw_locomotivemovement;5083;91850000002-4;454162;2026-06-06 10:25:00;2026-06-06 10:57:00;Bekannte Planungs-/Dummy-Loknummer;data/01_mapping/dummy_locomotives.csv
raw_locomotivemovement;5084;91850000002-4;454162;2026-06-06 10:57:00;2026-06-06 11:16:00;Bekannte Planungs-/Dummy-Loknummer;data/01_mapping/dummy_locomotives.csv
raw_locomotivemovement;5085;91850000002-4;454162;2026-06-06 11:16:00;2026-06-06 11:32:00;Bekannte Planungs-/Dummy-Loknummer;data/01_mapping/dummy_locomotives.csv
raw_locomotivemovement;5086;91850000002-4;454162;2026-06-06 11:32:00;2026-06-06 11:41:00;Bekannte Planungs-/Dummy-Loknummer;data/01_mapping/dummy_locomotives.csv
raw_locomotivemovement;5087;91850000002-4;454162;2026-06-06 11:41:00;2026-06-06 11:50:00;Bekannte Planungs-/Dummy-Loknummer;data/01_mapping/dummy_locomotives.csv
raw_locomotivemovement;5094;91850000002-4;454162;2026-06-06 11:41:00;2026-06-06 11:41:00;Bekannte Planungs-/Dummy-Loknummer;data/01_mapping/dummy_locomotives.csv
raw_locomotivemovement;5092;91850000002-4;454162;2026-06-06 11:50:00;2026-06-06 12:00:00;Bekannte Planungs-/Dummy-Loknummer;data/01_mapping/dummy_locomotives.csv
raw_locomotivemovement;5088;91850000002-4;454162;2026-06-06 12:00:00;2026-06-06 12:05:00;Bekannte Planungs-/Dummy-Loknummer;data/01_mapping/dummy_locomotives.csv
raw_locomotivemovement;5090;91850000002-4;454162;2026-06-06 12:05:00;2026-06-06 14:43:00;Bekannte Planungs-/Dummy-Loknummer;data/01_mapping/dummy_locomotives.csv
raw_locomotivemovement;5093;91850000002-4;454162;2026-06-06 14:43:00;2026-06-07 05:30:00;Bekannte Planungs-/Dummy-Loknummer;data/01_mapping/dummy_locomotives.csv
raw_locomotivemovement;5089;91850000002-4;454162;2026-06-07 09:40:00;2026-06-07 12:10:00;Bekannte Planungs-/Dummy-Loknummer;data/01_mapping/dummy_locomotives.csv
raw_locomotivemovement;5091;91850000002-4;454162;2026-06-07 09:40:00;2026-06-07 09:40:00;Bekannte Planungs-/Dummy-Loknummer;data/01_mapping/dummy_locomotives.csv
raw_locomotivemovement;16776;91850000002-4;454223;2026-06-08 21:32:00;2026-06-09 00:59:00;Bekannte Planungs-/Dummy-Loknummer;data/01_mapping/dummy_locomotives.csv
raw_locomotivemovement;16774;91850000002-4;454223;2026-06-09 00:59:00;2026-06-09 01:14:00;Bekannte Planungs-/Dummy-Loknummer;data/01_mapping/dummy_locomotives.csv
raw_locomotivemovement;16777;91850000002-4;454223;2026-06-09 01:14:00;2026-06-09 14:50:00;Bekannte Planungs-/Dummy-Loknummer;data/01_mapping/dummy_locomotives.csv
raw_locomotivemovement;16773;91850000002-4;454223;2026-06-09 14:50:00;2026-06-09 15:55:00;Bekannte Planungs-/Dummy-Loknummer;data/01_mapping/dummy_locomotives.csv
raw_locomotivemovement;16768;91850000002-4;454223;2026-06-09 15:55:00;2026-06-09 17:14:00;Bekannte Planungs-/Dummy-Loknummer;data/01_mapping/dummy_locomotives.csv
raw_locomotivemovement;16769;91850000002-4;454223;2026-06-09 17:14:00;2026-06-09 17:24:00;Bekannte Planungs-/Dummy-Loknummer;data/01_mapping/dummy_locomotives.csv
raw_locomotivemovement;16770;91850000002-4;454223;2026-06-09 17:24:00;2026-06-09 17:30:00;Bekannte Planungs-/Dummy-Loknummer;data/01_mapping/dummy_locomotives.csv
raw_locomotivemovement;16775;91850000002-4;454223;2026-06-09 17:30:00;2026-06-09 17:38:00;Bekannte Planungs-/Dummy-Loknummer;data/01_mapping/dummy_locomotives.csv
raw_locomotivemovement;16771;91850000002-4;454223;2026-06-09 17:38:00;2026-06-09 18:39:00;Bekannte Planungs-/Dummy-Loknummer;data/01_mapping/dummy_locomotives.csv
raw_locomotivemovement;16772;91850000002-4;454223;2026-06-09 18:39:00;2026-06-09 18:57:00;Bekannte Planungs-/Dummy-Loknummer;data/01_mapping/dummy_locomotives.csv
raw_locomotivemovement;6188;91850000002-4;454202;2026-06-10 12:30:00;2026-06-10 12:53:00;Bekannte Planungs-/Dummy-Loknummer;data/01_mapping/dummy_locomotives.csv
raw_locomotivemovement;6183;91850000002-4;454202;2026-06-10 12:53:00;2026-06-10 13:16:00;Bekannte Planungs-/Dummy-Loknummer;data/01_mapping/dummy_locomotives.csv
raw_locomotivemovement;6189;91850000002-4;454202;2026-06-10 13:16:00;2026-06-10 13:36:00;Bekannte Planungs-/Dummy-Loknummer;data/01_mapping/dummy_locomotives.csv
raw_locomotivemovement;6192;91850000002-4;454202;2026-06-10 13:36:00;2026-06-10 13:46:00;Bekannte Planungs-/Dummy-Loknummer;data/01_mapping/dummy_locomotives.csv
raw_locomotivemovement;6187;91850000002-4;454202;2026-06-10 13:46:00;2026-06-10 14:01:00;Bekannte Planungs-/Dummy-Loknummer;data/01_mapping/dummy_locomotives.csv
raw_locomotivemovement;6184;91850000002-4;454202;2026-06-10 14:01:00;2026-06-10 14:20:00;Bekannte Planungs-/Dummy-Loknummer;data/01_mapping/dummy_locomotives.csv
raw_locomotivemovement;6185;91850000002-4;454202;2026-06-10 14:20:00;2026-06-10 14:25:00;Bekannte Planungs-/Dummy-Loknummer;data/01_mapping/dummy_locomotives.csv
raw_locomotivemovement;6182;91850000002-4;454202;2026-06-10 14:25:00;2026-06-10 14:30:00;Bekannte Planungs-/Dummy-Loknummer;data/01_mapping/dummy_locomotives.csv
raw_locomotivemovement;6190;91850000002-4;454202;2026-06-10 14:30:00;2026-06-10 16:10:00;Bekannte Planungs-/Dummy-Loknummer;data/01_mapping/dummy_locomotives.csv
raw_locomotivemovement;6186;91850000002-4;454202;2026-06-10 16:10:00;2026-06-11 01:53:00;Bekannte Planungs-/Dummy-Loknummer;data/01_mapping/dummy_locomotives.csv
raw_locomotivemovement;6191;91850000002-4;454202;2026-06-11 01:53:00;2026-06-11 01:54:00;Bekannte Planungs-/Dummy-Loknummer;data/01_mapping/dummy_locomotives.csv
raw_locomotivemovement;6181;91850000002-4;454202;2026-06-11 05:42:00;2026-06-11 08:12:00;Bekannte Planungs-/Dummy-Loknummer;data/01_mapping/dummy_locomotives.csv
raw_locomotivemovement;1742;91850000002-4;454224;2026-06-11 20:00:00;2026-06-11 22:30:00;Bekannte Planungs-/Dummy-Loknummer;data/01_mapping/dummy_locomotives.csv
raw_locomotivemovement;1745;91850000002-4;454224;2026-06-11 22:30:00;2026-06-11 23:30:00;Bekannte Planungs-/Dummy-Loknummer;data/01_mapping/dummy_locomotives.csv
raw_locomotivemovement;1743;91850000002-4;454224;2026-06-11 23:30:00;2026-06-12 14:00:00;Bekannte Planungs-/Dummy-Loknummer;data/01_mapping/dummy_locomotives.csv
raw_locomotivemovement;1746;91850000002-4;454224;2026-06-12 14:00:00;2026-06-12 15:55:00;Bekannte Planungs-/Dummy-Loknummer;data/01_mapping/dummy_locomotives.csv
raw_locomotivemovement;1737;91850000002-4;454224;2026-06-12 15:55:00;2026-06-12 16:00:00;Bekannte Planungs-/Dummy-Loknummer;data/01_mapping/dummy_locomotives.csv
raw_locomotivemovement;1738;91850000002-4;454224;2026-06-12 16:00:00;2026-06-12 16:22:00;Bekannte Planungs-/Dummy-Loknummer;data/01_mapping/dummy_locomotives.csv
raw_locomotivemovement;1739;91850000002-4;454224;2026-06-12 16:22:00;2026-06-12 16:29:00;Bekannte Planungs-/Dummy-Loknummer;data/01_mapping/dummy_locomotives.csv
raw_locomotivemovement;1744;91850000002-4;454224;2026-06-12 16:29:00;2026-06-12 16:37:00;Bekannte Planungs-/Dummy-Loknummer;data/01_mapping/dummy_locomotives.csv
raw_locomotivemovement;1740;91850000002-4;454224;2026-06-12 16:37:00;2026-06-12 17:20:00;Bekannte Planungs-/Dummy-Loknummer;data/01_mapping/dummy_locomotives.csv
raw_locomotivemovement;1741;91850000002-4;454224;2026-06-12 17:20:00;2026-06-12 17:37:00;Bekannte Planungs-/Dummy-Loknummer;data/01_mapping/dummy_locomotives.csv
raw_locomotivemovement;10985;91850000002-4;454203;2026-06-13 10:25:00;2026-06-13 11:10:00;Bekannte Planungs-/Dummy-Loknummer;data/01_mapping/dummy_locomotives.csv
raw_locomotivemovement;10986;91850000002-4;454203;2026-06-13 11:10:00;2026-06-13 11:36:00;Bekannte Planungs-/Dummy-Loknummer;data/01_mapping/dummy_locomotives.csv
raw_locomotivemovement;10987;91850000002-4;454203;2026-06-13 11:36:00;2026-06-13 11:55:00;Bekannte Planungs-/Dummy-Loknummer;data/01_mapping/dummy_locomotives.csv
raw_locomotivemovement;10988;91850000002-4;454203;2026-06-13 11:55:00;2026-06-13 12:05:00;Bekannte Planungs-/Dummy-Loknummer;data/01_mapping/dummy_locomotives.csv
raw_locomotivemovement;10989;91850000002-4;454203;2026-06-13 12:05:00;2026-06-13 12:29:00;Bekannte Planungs-/Dummy-Loknummer;data/01_mapping/dummy_locomotives.csv
raw_locomotivemovement;10991;91850000002-4;454203;2026-06-13 12:05:00;2026-06-13 12:05:00;Bekannte Planungs-/Dummy-Loknummer;data/01_mapping/dummy_locomotives.csv
raw_locomotivemovement;10993;91850000002-4;454203;2026-06-13 12:29:00;2026-06-13 12:34:00;Bekannte Planungs-/Dummy-Loknummer;data/01_mapping/dummy_locomotives.csv
raw_locomotivemovement;10990;91850000002-4;454203;2026-06-13 12:34:00;2026-06-13 12:39:00;Bekannte Planungs-/Dummy-Loknummer;data/01_mapping/dummy_locomotives.csv
raw_locomotivemovement;10992;91850000002-4;454203;2026-06-13 12:39:00;2026-06-13 14:48:00;Bekannte Planungs-/Dummy-Loknummer;data/01_mapping/dummy_locomotives.csv
raw_locomotivemovement;10994;91850000002-4;454203;2026-06-13 14:48:00;2026-06-14 07:30:00;Bekannte Planungs-/Dummy-Loknummer;data/01_mapping/dummy_locomotives.csv
raw_locomotivemovement;10996;91850000002-4;454203;2026-06-14 07:30:00;2026-06-14 08:00:00;Bekannte Planungs-/Dummy-Loknummer;data/01_mapping/dummy_locomotives.csv
raw_locomotivemovement;10995;91850000002-4;454203;2026-06-14 08:30:00;2026-06-14 11:00:00;Bekannte Planungs-/Dummy-Loknummer;data/01_mapping/dummy_locomotives.csv
raw_locomotivemovement;3914;91850000002-4;459495;2026-06-15 20:00:00;2026-06-15 22:30:00;Bekannte Planungs-/Dummy-Loknummer;data/01_mapping/dummy_locomotives.csv
raw_locomotivemovement;3916;91850000002-4;459495;2026-06-15 22:30:00;2026-06-15 23:30:00;Bekannte Planungs-/Dummy-Loknummer;data/01_mapping/dummy_locomotives.csv
raw_locomotivemovement;3913;91850000002-4;459495;2026-06-15 23:30:00;2026-06-16 14:00:00;Bekannte Planungs-/Dummy-Loknummer;data/01_mapping/dummy_locomotives.csv
raw_locomotivemovement;3915;91850000002-4;459495;2026-06-16 14:00:00;2026-06-16 15:55:00;Bekannte Planungs-/Dummy-Loknummer;data/01_mapping/dummy_locomotives.csv
raw_locomotivemovement;3908;91850000002-4;459495;2026-06-16 15:55:00;2026-06-16 16:40:00;Bekannte Planungs-/Dummy-Loknummer;data/01_mapping/dummy_locomotives.csv
raw_locomotivemovement;3909;91850000002-4;459495;2026-06-16 16:40:00;2026-06-16 16:54:00;Bekannte Planungs-/Dummy-Loknummer;data/01_mapping/dummy_locomotives.csv
raw_locomotivemovement;3910;91850000002-4;459495;2026-06-16 16:54:00;2026-06-16 17:06:00;Bekannte Planungs-/Dummy-Loknummer;data/01_mapping/dummy_locomotives.csv
raw_locomotivemovement;3917;91850000002-4;459495;2026-06-16 17:06:00;2026-06-16 17:14:00;Bekannte Planungs-/Dummy-Loknummer;data/01_mapping/dummy_locomotives.csv
raw_locomotivemovement;3911;91850000002-4;459495;2026-06-16 17:14:00;2026-06-16 18:37:00;Bekannte Planungs-/Dummy-Loknummer;data/01_mapping/dummy_locomotives.csv
raw_locomotivemovement;3912;91850000002-4;459495;2026-06-16 18:37:00;2026-06-16 19:01:00;Bekannte Planungs-/Dummy-Loknummer;data/01_mapping/dummy_locomotives.csv
raw_locomotivemovement;5627;91850000002-4;459473;2026-06-17 08:25:00;2026-06-17 08:37:00;Bekannte Planungs-/Dummy-Loknummer;data/01_mapping/dummy_locomotives.csv
raw_locomotivemovement;5626;91850000002-4;459473;2026-06-17 08:37:00;2026-06-17 09:05:00;Bekannte Planungs-/Dummy-Loknummer;data/01_mapping/dummy_locomotives.csv
raw_locomotivemovement;5624;91850000002-4;459473;2026-06-17 09:05:00;2026-06-17 09:34:00;Bekannte Planungs-/Dummy-Loknummer;data/01_mapping/dummy_locomotives.csv
raw_locomotivemovement;5621;91850000002-4;459473;2026-06-17 09:34:00;2026-06-17 09:44:00;Bekannte Planungs-/Dummy-Loknummer;data/01_mapping/dummy_locomotives.csv
raw_locomotivemovement;5622;91850000002-4;459473;2026-06-17 09:44:00;2026-06-17 10:09:00;Bekannte Planungs-/Dummy-Loknummer;data/01_mapping/dummy_locomotives.csv
raw_locomotivemovement;5625;91850000002-4;459473;2026-06-17 10:09:00;;Bekannte Planungs-/Dummy-Loknummer;data/01_mapping/dummy_locomotives.csv
raw_locomotivemovement;5623;91850000002-4;459473;2026-06-17 10:55:00;;Bekannte Planungs-/Dummy-Loknummer;data/01_mapping/dummy_locomotives.csv
raw_locomotivemovement;20985;91850000002-4;459494;2026-06-18 20:00:00;2026-06-18 22:30:00;Bekannte Planungs-/Dummy-Loknummer;data/01_mapping/dummy_locomotives.csv
raw_locomotivemovement;20984;91850000002-4;459494;2026-06-18 22:30:00;2026-06-18 23:30:00;Bekannte Planungs-/Dummy-Loknummer;data/01_mapping/dummy_locomotives.csv
raw_locomotivemovement;20987;91850000002-4;459494;2026-06-18 23:30:00;2026-06-19 18:04:00;Bekannte Planungs-/Dummy-Loknummer;data/01_mapping/dummy_locomotives.csv
raw_locomotivemovement;20986;91850000002-4;459494;2026-06-19 18:04:00;2026-06-19 20:21:00;Bekannte Planungs-/Dummy-Loknummer;data/01_mapping/dummy_locomotives.csv
raw_locomotivemovement;20979;91850000002-4;459494;2026-06-19 20:21:00;2026-06-19 20:26:00;Bekannte Planungs-/Dummy-Loknummer;data/01_mapping/dummy_locomotives.csv
raw_locomotivemovement;20980;91850000002-4;459494;2026-06-19 20:26:00;2026-06-19 20:27:00;Bekannte Planungs-/Dummy-Loknummer;data/01_mapping/dummy_locomotives.csv
raw_locomotivemovement;20981;91850000002-4;459494;2026-06-19 20:27:00;2026-06-19 20:27:00;Bekannte Planungs-/Dummy-Loknummer;data/01_mapping/dummy_locomotives.csv
raw_locomotivemovement;20988;91850000002-4;459494;2026-06-19 20:27:00;2026-06-19 20:35:00;Bekannte Planungs-/Dummy-Loknummer;data/01_mapping/dummy_locomotives.csv
raw_locomotivemovement;20982;91850000002-4;459494;2026-06-19 20:42:00;2026-06-19 21:27:00;Bekannte Planungs-/Dummy-Loknummer;data/01_mapping/dummy_locomotives.csv
raw_locomotivemovement;20983;91850000002-4;459494;2026-06-19 21:27:00;2026-06-19 21:47:00;Bekannte Planungs-/Dummy-Loknummer;data/01_mapping/dummy_locomotives.csv
raw_locomotivemovement;20811;91850000002-4;459474;2026-06-20 10:15:00;2026-06-20 11:33:00;Bekannte Planungs-/Dummy-Loknummer;data/01_mapping/dummy_locomotives.csv
raw_locomotivemovement;20812;91850000002-4;459474;2026-06-20 11:33:00;2026-06-20 12:51:00;Bekannte Planungs-/Dummy-Loknummer;data/01_mapping/dummy_locomotives.csv
raw_locomotivemovement;20813;91850000002-4;459474;2026-06-20 12:51:00;2026-06-20 13:11:00;Bekannte Planungs-/Dummy-Loknummer;data/01_mapping/dummy_locomotives.csv
raw_locomotivemovement;20814;91850000002-4;459474;2026-06-20 13:11:00;2026-06-20 13:21:00;Bekannte Planungs-/Dummy-Loknummer;data/01_mapping/dummy_locomotives.csv
raw_locomotivemovement;20818;91850000002-4;459474;2026-06-20 13:21:00;2026-06-20 13:28:00;Bekannte Planungs-/Dummy-Loknummer;data/01_mapping/dummy_locomotives.csv
raw_locomotivemovement;20815;91850000002-4;459474;2026-06-20 13:28:00;2026-06-20 13:33:00;Bekannte Planungs-/Dummy-Loknummer;data/01_mapping/dummy_locomotives.csv
raw_locomotivemovement;20820;91850000002-4;459474;2026-06-20 13:33:00;2026-06-20 14:07:00;Bekannte Planungs-/Dummy-Loknummer;data/01_mapping/dummy_locomotives.csv
raw_locomotivemovement;20816;91850000002-4;459474;2026-06-20 14:07:00;2026-06-20 14:12:00;Bekannte Planungs-/Dummy-Loknummer;data/01_mapping/dummy_locomotives.csv
raw_locomotivemovement;20819;91850000002-4;459474;2026-06-20 14:12:00;2026-06-20 16:02:00;Bekannte Planungs-/Dummy-Loknummer;data/01_mapping/dummy_locomotives.csv
raw_locomotivemovement;20817;91850000002-4;459474;2026-06-20 16:02:00;;Bekannte Planungs-/Dummy-Loknummer;data/01_mapping/dummy_locomotives.csv
raw_locomotivemovement;2849;91806189000-3;453537;2026-06-06 01:02:00;2026-06-06 05:20:00;Bekannte Planungs-/Dummy-Loknummer | LocomotiveType enthaelt Dummy: Dummy;data/01_mapping/dummy_locomotives.csv | raw_locomotivemovement.LocomotiveType
raw_locomotivemovement;2850;91806189000-3;453537;2026-06-06 05:20:00;2026-06-06 05:32:00;Bekannte Planungs-/Dummy-Loknummer | LocomotiveType enthaelt Dummy: Dummy;data/01_mapping/dummy_locomotives.csv | raw_locomotivemovement.LocomotiveType
raw_locomotivemovement;20097;91806189000-3;459232;2026-06-07 10:10:00;2026-06-07 10:59:00;Bekannte Planungs-/Dummy-Loknummer | LocomotiveType enthaelt Dummy: Dummy;data/01_mapping/dummy_locomotives.csv | raw_locomotivemovement.LocomotiveType
raw_locomotivemovement;20098;91806189000-3;459232;2026-06-07 11:15:00;2026-06-07 13:43:00;Bekannte Planungs-/Dummy-Loknummer | LocomotiveType enthaelt Dummy: Dummy;data/01_mapping/dummy_locomotives.csv | raw_locomotivemovement.LocomotiveType
raw_locomotivemovement;2851;91806189000-3;453537;2026-06-07 13:00:00;2026-06-07 14:25:00;Bekannte Planungs-/Dummy-Loknummer | LocomotiveType enthaelt Dummy: Dummy;data/01_mapping/dummy_locomotives.csv | raw_locomotivemovement.LocomotiveType
raw_locomotivemovement;20099;91806189000-3;459232;2026-06-07 13:43:00;2026-06-07 14:14:00;Bekannte Planungs-/Dummy-Loknummer | LocomotiveType enthaelt Dummy: Dummy;data/01_mapping/dummy_locomotives.csv | raw_locomotivemovement.LocomotiveType
raw_locomotivemovement;2852;91806189000-3;453537;2026-06-07 14:37:00;2026-06-07 17:26:00;Bekannte Planungs-/Dummy-Loknummer | LocomotiveType enthaelt Dummy: Dummy;data/01_mapping/dummy_locomotives.csv | raw_locomotivemovement.LocomotiveType
raw_locomotivemovement;2853;91806189000-3;453537;2026-06-07 17:26:00;2026-06-07 22:30:00;Bekannte Planungs-/Dummy-Loknummer | LocomotiveType enthaelt Dummy: Dummy;data/01_mapping/dummy_locomotives.csv | raw_locomotivemovement.LocomotiveType
raw_locomotivemovement;2858;91806189000-3;453537;2026-06-07 17:26:00;2026-06-07 17:26:00;Bekannte Planungs-/Dummy-Loknummer | LocomotiveType enthaelt Dummy: Dummy;data/01_mapping/dummy_locomotives.csv | raw_locomotivemovement.LocomotiveType
raw_locomotivemovement;2857;91806189000-3;453537;2026-06-07 23:00:00;2026-06-08 03:00:00;Bekannte Planungs-/Dummy-Loknummer | LocomotiveType enthaelt Dummy: Dummy;data/01_mapping/dummy_locomotives.csv | raw_locomotivemovement.LocomotiveType
raw_locomotivemovement;2854;91806189000-3;453537;2026-06-08 03:45:00;2026-06-08 04:20:00;Bekannte Planungs-/Dummy-Loknummer | LocomotiveType enthaelt Dummy: Dummy;data/01_mapping/dummy_locomotives.csv | raw_locomotivemovement.LocomotiveType
raw_locomotivemovement;2855;91806189000-3;453537;2026-06-08 04:20:00;2026-06-08 04:31:00;Bekannte Planungs-/Dummy-Loknummer | LocomotiveType enthaelt Dummy: Dummy;data/01_mapping/dummy_locomotives.csv | raw_locomotivemovement.LocomotiveType
raw_locomotivemovement;2859;91806189000-3;453537;2026-06-08 04:44:00;2026-06-08 05:14:00;Bekannte Planungs-/Dummy-Loknummer | LocomotiveType enthaelt Dummy: Dummy;data/01_mapping/dummy_locomotives.csv | raw_locomotivemovement.LocomotiveType
raw_locomotivemovement;9837;91806189000-3;453518;2026-06-08 04:45:00;2026-06-08 05:10:00;Bekannte Planungs-/Dummy-Loknummer | LocomotiveType enthaelt Dummy: Dummy;data/01_mapping/dummy_locomotives.csv | raw_locomotivemovement.LocomotiveType
raw_locomotivemovement;2856;91806189000-3;453537;2026-06-08 05:14:00;2026-06-08 05:14:00;Bekannte Planungs-/Dummy-Loknummer | LocomotiveType enthaelt Dummy: Dummy;data/01_mapping/dummy_locomotives.csv | raw_locomotivemovement.LocomotiveType
raw_locomotivemovement;9838;91806189000-3;453518;2026-06-08 05:14:00;2026-06-08 09:06:00;Bekannte Planungs-/Dummy-Loknummer | LocomotiveType enthaelt Dummy: Dummy;data/01_mapping/dummy_locomotives.csv | raw_locomotivemovement.LocomotiveType
raw_locomotivemovement;9843;91806189000-3;453518;2026-06-08 09:06:00;2026-06-08 09:07:00;Bekannte Planungs-/Dummy-Loknummer | LocomotiveType enthaelt Dummy: Dummy;data/01_mapping/dummy_locomotives.csv | raw_locomotivemovement.LocomotiveType
raw_locomotivemovement;9839;91806189000-3;453518;2026-06-08 09:07:00;2026-06-08 12:27:00;Bekannte Planungs-/Dummy-Loknummer | LocomotiveType enthaelt Dummy: Dummy;data/01_mapping/dummy_locomotives.csv | raw_locomotivemovement.LocomotiveType
raw_locomotivemovement;9840;91806189000-3;453518;2026-06-08 12:27:00;2026-06-08 12:30:00;Bekannte Planungs-/Dummy-Loknummer | LocomotiveType enthaelt Dummy: Dummy;data/01_mapping/dummy_locomotives.csv | raw_locomotivemovement.LocomotiveType
raw_locomotivemovement;9841;91806189000-3;453518;2026-06-08 12:30:00;2026-06-08 14:53:00;Bekannte Planungs-/Dummy-Loknummer | LocomotiveType enthaelt Dummy: Dummy;data/01_mapping/dummy_locomotives.csv | raw_locomotivemovement.LocomotiveType
raw_locomotivemovement;9842;91806189000-3;453518;2026-06-08 15:00:00;2026-06-08 23:00:00;Bekannte Planungs-/Dummy-Loknummer | LocomotiveType enthaelt Dummy: Dummy;data/01_mapping/dummy_locomotives.csv | raw_locomotivemovement.LocomotiveType
raw_locomotivemovement;9844;91806189000-3;453518;2026-06-08 23:00:00;2026-06-08 23:45:00;Bekannte Planungs-/Dummy-Loknummer | LocomotiveType enthaelt Dummy: Dummy;data/01_mapping/dummy_locomotives.csv | raw_locomotivemovement.LocomotiveType
raw_locomotivemovement;9322;91806189000-3;453545;2026-06-09 05:00:00;2026-06-09 07:30:00;Bekannte Planungs-/Dummy-Loknummer | LocomotiveType enthaelt Dummy: Dummy;data/01_mapping/dummy_locomotives.csv | raw_locomotivemovement.LocomotiveType
raw_locomotivemovement;9307;91806189000-3;453545;2026-06-09 07:30:00;2026-06-09 09:30:00;Bekannte Planungs-/Dummy-Loknummer | LocomotiveType enthaelt Dummy: Dummy;data/01_mapping/dummy_locomotives.csv | raw_locomotivemovement.LocomotiveType
raw_locomotivemovement;9308;91806189000-3;453545;2026-06-09 09:30:00;2026-06-09 10:57:00;Bekannte Planungs-/Dummy-Loknummer | LocomotiveType enthaelt Dummy: Dummy;data/01_mapping/dummy_locomotives.csv | raw_locomotivemovement.LocomotiveType
raw_locomotivemovement;9309;91806189000-3;453545;2026-06-09 10:57:00;2026-06-09 11:10:00;Bekannte Planungs-/Dummy-Loknummer | LocomotiveType enthaelt Dummy: Dummy;data/01_mapping/dummy_locomotives.csv | raw_locomotivemovement.LocomotiveType
raw_locomotivemovement;9310;91806189000-3;453545;2026-06-09 11:10:00;2026-06-09 15:36:00;Bekannte Planungs-/Dummy-Loknummer | LocomotiveType enthaelt Dummy: Dummy;data/01_mapping/dummy_locomotives.csv | raw_locomotivemovement.LocomotiveType
raw_locomotivemovement;9311;91806189000-3;453545;2026-06-09 15:36:00;2026-06-09 17:28:00;Bekannte Planungs-/Dummy-Loknummer | LocomotiveType enthaelt Dummy: Dummy;data/01_mapping/dummy_locomotives.csv | raw_locomotivemovement.LocomotiveType
raw_locomotivemovement;9312;91806189000-3;453545;2026-06-09 17:28:00;2026-06-09 18:39:00;Bekannte Planungs-/Dummy-Loknummer | LocomotiveType enthaelt Dummy: Dummy;data/01_mapping/dummy_locomotives.csv | raw_locomotivemovement.LocomotiveType
raw_locomotivemovement;9313;91806189000-3;453545;2026-06-09 18:39:00;2026-06-09 18:39:00;Bekannte Planungs-/Dummy-Loknummer | LocomotiveType enthaelt Dummy: Dummy;data/01_mapping/dummy_locomotives.csv | raw_locomotivemovement.LocomotiveType
raw_locomotivemovement;9314;91806189000-3;453545;2026-06-09 18:39:00;2026-06-09 21:15:00;Bekannte Planungs-/Dummy-Loknummer | LocomotiveType enthaelt Dummy: Dummy;data/01_mapping/dummy_locomotives.csv | raw_locomotivemovement.LocomotiveType
raw_locomotivemovement;9315;91806189000-3;453545;2026-06-09 21:15:00;2026-06-09 21:15:00;Bekannte Planungs-/Dummy-Loknummer | LocomotiveType enthaelt Dummy: Dummy;data/01_mapping/dummy_locomotives.csv | raw_locomotivemovement.LocomotiveType
raw_locomotivemovement;9321;91806189000-3;453545;2026-06-09 21:15:00;2026-06-09 21:24:00;Bekannte Planungs-/Dummy-Loknummer | LocomotiveType enthaelt Dummy: Dummy;data/01_mapping/dummy_locomotives.csv | raw_locomotivemovement.LocomotiveType
raw_locomotivemovement;9316;91806189000-3;453545;2026-06-09 21:24:00;2026-06-10 03:28:00;Bekannte Planungs-/Dummy-Loknummer | LocomotiveType enthaelt Dummy: Dummy;data/01_mapping/dummy_locomotives.csv | raw_locomotivemovement.LocomotiveType
raw_locomotivemovement;9317;91806189000-3;453545;2026-06-10 03:28:00;2026-06-10 03:28:00;Bekannte Planungs-/Dummy-Loknummer | LocomotiveType enthaelt Dummy: Dummy;data/01_mapping/dummy_locomotives.csv | raw_locomotivemovement.LocomotiveType
raw_locomotivemovement;9318;91806189000-3;453545;2026-06-10 03:28:00;2026-06-10 05:21:00;Bekannte Planungs-/Dummy-Loknummer | LocomotiveType enthaelt Dummy: Dummy;data/01_mapping/dummy_locomotives.csv | raw_locomotivemovement.LocomotiveType
raw_locomotivemovement;9319;91806189000-3;453545;2026-06-10 05:21:00;2026-06-10 05:21:00;Bekannte Planungs-/Dummy-Loknummer | LocomotiveType enthaelt Dummy: Dummy;data/01_mapping/dummy_locomotives.csv | raw_locomotivemovement.LocomotiveType
raw_locomotivemovement;9320;91806189000-3;453545;2026-06-10 05:21:00;2026-06-10 07:50:00;Bekannte Planungs-/Dummy-Loknummer | LocomotiveType enthaelt Dummy: Dummy;data/01_mapping/dummy_locomotives.csv | raw_locomotivemovement.LocomotiveType
raw_locomotivemovement;5141;91806193000-7;455313;2026-05-23 00:31:00;2026-05-23 03:30:00;LocomotiveType enthaelt Dummy: Dummy;raw_locomotivemovement.LocomotiveType
raw_locomotivemovement;5142;91806193000-7;455313;2026-05-23 03:30:00;2026-05-23 05:41:00;LocomotiveType enthaelt Dummy: Dummy;raw_locomotivemovement.LocomotiveType
raw_locomotivemovement;5143;91806193000-7;455313;2026-05-23 05:41:00;2026-05-23 05:41:00;LocomotiveType enthaelt Dummy: Dummy;raw_locomotivemovement.LocomotiveType
raw_locomotivemovement;5144;91806193000-7;455313;2026-05-23 05:41:00;2026-05-23 06:58:00;LocomotiveType enthaelt Dummy: Dummy;raw_locomotivemovement.LocomotiveType
raw_locomotivemovement;5145;91806193000-7;455313;2026-05-23 07:09:00;2026-05-23 13:31:00;LocomotiveType enthaelt Dummy: Dummy;raw_locomotivemovement.LocomotiveType
raw_locomotivemovement;5146;91806193000-7;455313;2026-05-23 13:31:00;2026-05-23 13:33:00;LocomotiveType enthaelt Dummy: Dummy;raw_locomotivemovement.LocomotiveType
raw_locomotivemovement;5147;91806193000-7;455313;2026-05-23 13:33:00;2026-05-23 16:10:00;LocomotiveType enthaelt Dummy: Dummy;raw_locomotivemovement.LocomotiveType
raw_locomotivemovement;5148;91806193000-7;455313;2026-05-23 16:41:00;2026-05-23 16:43:00;LocomotiveType enthaelt Dummy: Dummy;raw_locomotivemovement.LocomotiveType
raw_locomotivemovement;5151;91806193000-7;455313;2026-05-23 16:46:00;2026-05-23 18:13:00;LocomotiveType enthaelt Dummy: Dummy;raw_locomotivemovement.LocomotiveType
raw_locomotivemovement;5152;91806193000-7;455313;2026-05-23 18:13:00;2026-05-23 21:15:00;LocomotiveType enthaelt Dummy: Dummy;raw_locomotivemovement.LocomotiveType
raw_locomotivemovement;5150;91806193000-7;455313;2026-05-23 21:28:00;2026-05-23 21:53:00;LocomotiveType enthaelt Dummy: Dummy;raw_locomotivemovement.LocomotiveType
raw_locomotivemovement;5149;91806193000-7;455313;2026-05-23 21:54:00;2026-05-23 21:57:00;LocomotiveType enthaelt Dummy: Dummy;raw_locomotivemovement.LocomotiveType
raw_locomotivemovement;5646;91806193000-7;447453;2026-05-24 04:53:00;2026-05-24 04:55:00;LocomotiveType enthaelt Dummy: Dummy;raw_locomotivemovement.LocomotiveType
raw_locomotivemovement;5661;91806193000-7;447453;2026-05-24 04:55:00;2026-05-24 11:32:00;LocomotiveType enthaelt Dummy: Dummy;raw_locomotivemovement.LocomotiveType
raw_locomotivemovement;5659;91806193000-7;447453;2026-05-24 11:33:00;2026-05-24 11:46:00;LocomotiveType enthaelt Dummy: Dummy;raw_locomotivemovement.LocomotiveType
raw_locomotivemovement;5647;91806193000-7;447453;2026-05-24 12:10:00;2026-05-24 15:46:00;LocomotiveType enthaelt Dummy: Dummy;raw_locomotivemovement.LocomotiveType
raw_locomotivemovement;5648;91806193000-7;447453;2026-05-24 15:46:00;2026-05-24 15:46:00;LocomotiveType enthaelt Dummy: Dummy;raw_locomotivemovement.LocomotiveType
raw_locomotivemovement;5649;91806193000-7;447453;2026-05-24 15:46:00;2026-05-24 17:50:00;LocomotiveType enthaelt Dummy: Dummy;raw_locomotivemovement.LocomotiveType
raw_locomotivemovement;5650;91806193000-7;447453;2026-05-24 17:50:00;2026-05-24 18:35:00;LocomotiveType enthaelt Dummy: Dummy;raw_locomotivemovement.LocomotiveType
raw_locomotivemovement;5651;91806193000-7;447453;2026-05-24 18:35:00;2026-05-24 20:18:00;LocomotiveType enthaelt Dummy: Dummy;raw_locomotivemovement.LocomotiveType
raw_locomotivemovement;5660;91806193000-7;447453;2026-05-24 18:35:00;2026-05-24 18:35:00;LocomotiveType enthaelt Dummy: Dummy;raw_locomotivemovement.LocomotiveType
raw_locomotivemovement;5652;91806193000-7;447453;2026-05-24 20:32:00;2026-05-24 23:53:00;LocomotiveType enthaelt Dummy: Dummy;raw_locomotivemovement.LocomotiveType
raw_locomotivemovement;5653;91806193000-7;447453;2026-05-24 23:53:00;2026-05-24 23:53:00;LocomotiveType enthaelt Dummy: Dummy;raw_locomotivemovement.LocomotiveType
raw_locomotivemovement;5654;91806193000-7;447453;2026-05-24 23:53:00;2026-05-25 00:28:00;LocomotiveType enthaelt Dummy: Dummy;raw_locomotivemovement.LocomotiveType
raw_locomotivemovement;5655;91806193000-7;447453;2026-05-25 00:28:00;2026-05-25 00:33:00;LocomotiveType enthaelt Dummy: Dummy;raw_locomotivemovement.LocomotiveType
raw_locomotivemovement;5656;91806193000-7;447453;2026-05-25 00:33:00;2026-05-25 02:45:00;LocomotiveType enthaelt Dummy: Dummy;raw_locomotivemovement.LocomotiveType
raw_locomotivemovement;5657;91806193000-7;447453;2026-05-25 02:45:00;2026-05-25 02:45:00;LocomotiveType enthaelt Dummy: Dummy;raw_locomotivemovement.LocomotiveType
raw_locomotivemovement;5658;91806193000-7;447453;2026-05-25 02:45:00;2026-05-25 03:55:00;LocomotiveType enthaelt Dummy: Dummy;raw_locomotivemovement.LocomotiveType
raw_locomotivemovement;18393;91806193000-7;454528;2026-06-02 09:26:00;2026-06-02 09:45:00;LocomotiveType enthaelt Dummy: Dummy;raw_locomotivemovement.LocomotiveType
raw_locomotivemovement;18394;91806193000-7;454528;2026-06-02 09:45:00;2026-06-02 10:55:00;LocomotiveType enthaelt Dummy: Dummy;raw_locomotivemovement.LocomotiveType
raw_locomotivemovement;18396;91806193000-7;454528;2026-06-02 10:55:00;2026-06-02 11:25:00;LocomotiveType enthaelt Dummy: Dummy;raw_locomotivemovement.LocomotiveType
raw_locomotivemovement;18395;91806193000-7;454528;2026-06-02 14:45:00;2026-06-02 15:09:00;LocomotiveType enthaelt Dummy: Dummy;raw_locomotivemovement.LocomotiveType
raw_locomotivemovement;11562;00000000000-0;456784;2026-05-26 10:36:00;2026-05-26 11:42:00;Bekannte Planungs-/Dummy-Loknummer | LocomotiveType enthaelt Dummy: Dummy;data/01_mapping/dummy_locomotives.csv | raw_locomotivemovement.LocomotiveType
raw_locomotivemovement;20169;00000000000-0;452203;2026-05-26 18:54:00;2026-05-26 21:59:00;Bekannte Planungs-/Dummy-Loknummer | LocomotiveType enthaelt Dummy: Dummy;data/01_mapping/dummy_locomotives.csv | raw_locomotivemovement.LocomotiveType
raw_locomotivemovement;20170;00000000000-0;452203;2026-05-27 09:08:00;2026-05-28 10:23:00;Bekannte Planungs-/Dummy-Loknummer | LocomotiveType enthaelt Dummy: Dummy;data/01_mapping/dummy_locomotives.csv | raw_locomotivemovement.LocomotiveType
raw_locomotivemovement;12981;00000000000-0;452207;2026-05-28 06:27:00;2026-05-28 11:38:00;Bekannte Planungs-/Dummy-Loknummer | LocomotiveType enthaelt Dummy: Dummy;data/01_mapping/dummy_locomotives.csv | raw_locomotivemovement.LocomotiveType
raw_locomotivemovement;4843;00000000000-0;453529;2026-06-01 22:05:00;2026-06-02 07:30:00;Bekannte Planungs-/Dummy-Loknummer | LocomotiveType enthaelt Dummy: Dummy;data/01_mapping/dummy_locomotives.csv | raw_locomotivemovement.LocomotiveType
raw_locomotivemovement;14813;00000000000-0;453519;2026-06-02 01:41:00;2026-06-02 07:41:00;Bekannte Planungs-/Dummy-Loknummer | LocomotiveType enthaelt Dummy: Dummy;data/01_mapping/dummy_locomotives.csv | raw_locomotivemovement.LocomotiveType
raw_locomotivemovement;2826;00000000000-0;453547;2026-06-04 01:11:00;2026-06-04 05:01:00;Bekannte Planungs-/Dummy-Loknummer | LocomotiveType enthaelt Dummy: Dummy;data/01_mapping/dummy_locomotives.csv | raw_locomotivemovement.LocomotiveType
raw_locomotivemovement;20908;00000000000-0;457568;2026-06-04 01:44:00;2026-06-04 02:06:00;Bekannte Planungs-/Dummy-Loknummer | LocomotiveType enthaelt Dummy: Dummy;data/01_mapping/dummy_locomotives.csv | raw_locomotivemovement.LocomotiveType
raw_locomotivemovement;20909;00000000000-0;457568;2026-06-04 02:06:00;2026-06-04 05:52:00;Bekannte Planungs-/Dummy-Loknummer | LocomotiveType enthaelt Dummy: Dummy;data/01_mapping/dummy_locomotives.csv | raw_locomotivemovement.LocomotiveType
raw_locomotivemovement;2827;00000000000-0;453547;2026-06-04 05:01:00;2026-06-04 05:16:00;Bekannte Planungs-/Dummy-Loknummer | LocomotiveType enthaelt Dummy: Dummy;data/01_mapping/dummy_locomotives.csv | raw_locomotivemovement.LocomotiveType
raw_locomotivemovement;20029;00000000000-0;453524;2026-06-04 11:27:00;2026-06-04 17:27:00;Bekannte Planungs-/Dummy-Loknummer | LocomotiveType enthaelt Dummy: Dummy;data/01_mapping/dummy_locomotives.csv | raw_locomotivemovement.LocomotiveType
raw_locomotivemovement;17991;00000000000-0;453527;2026-06-04 16:45:00;2026-06-05 00:30:00;Bekannte Planungs-/Dummy-Loknummer | LocomotiveType enthaelt Dummy: Dummy;data/01_mapping/dummy_locomotives.csv | raw_locomotivemovement.LocomotiveType
raw_locomotivemovement;20555;00000000000-0;452209;2026-06-04 22:00:00;2026-06-05 03:00:00;Bekannte Planungs-/Dummy-Loknummer | LocomotiveType enthaelt Dummy: Dummy;data/01_mapping/dummy_locomotives.csv | raw_locomotivemovement.LocomotiveType
raw_locomotivemovement;3051;00000000000-0;453541;2026-06-05 20:46:00;2026-06-06 06:55:00;Bekannte Planungs-/Dummy-Loknummer | LocomotiveType enthaelt Dummy: Dummy;data/01_mapping/dummy_locomotives.csv | raw_locomotivemovement.LocomotiveType
raw_locomotivemovement;2828;00000000000-0;453547;2026-06-06 12:05:00;2026-06-06 20:00:00;Bekannte Planungs-/Dummy-Loknummer | LocomotiveType enthaelt Dummy: Dummy;data/01_mapping/dummy_locomotives.csv | raw_locomotivemovement.LocomotiveType
raw_locomotivemovement;5712;00000000000-0;453526;2026-06-09 18:43:00;2026-06-10 13:00:00;Bekannte Planungs-/Dummy-Loknummer | LocomotiveType enthaelt Dummy: Dummy;data/01_mapping/dummy_locomotives.csv | raw_locomotivemovement.LocomotiveType
raw_locomotivemovement;3920;00000000000-0;453544;2026-06-10 09:01:00;2026-06-10 15:01:00;Bekannte Planungs-/Dummy-Loknummer | LocomotiveType enthaelt Dummy: Dummy;data/01_mapping/dummy_locomotives.csv | raw_locomotivemovement.LocomotiveType
raw_locomotivemovement;12745;00000000000-0;458890;2026-06-15 11:10:00;2026-06-15 15:06:00;Bekannte Planungs-/Dummy-Loknummer | LocomotiveType enthaelt Dummy: Dummy;data/01_mapping/dummy_locomotives.csv | raw_locomotivemovement.LocomotiveType
raw_locomotivemovement;12746;00000000000-0;458890;2026-06-15 15:06:00;2026-06-15 17:10:00;Bekannte Planungs-/Dummy-Loknummer | LocomotiveType enthaelt Dummy: Dummy;data/01_mapping/dummy_locomotives.csv | raw_locomotivemovement.LocomotiveType
raw_locomotivemovement;10311;00000000000-0;458998;2026-06-18 04:00:00;2026-06-18 05:00:00;Bekannte Planungs-/Dummy-Loknummer | LocomotiveType enthaelt Dummy: Dummy;data/01_mapping/dummy_locomotives.csv | raw_locomotivemovement.LocomotiveType
raw_locomotivemovement;10312;00000000000-0;458998;2026-06-18 05:00:00;2026-06-18 09:00:00;Bekannte Planungs-/Dummy-Loknummer | LocomotiveType enthaelt Dummy: Dummy;data/01_mapping/dummy_locomotives.csv | raw_locomotivemovement.LocomotiveType
raw_locomotivemovement;7253;95710601054-0;453539;2026-05-22 23:45:00;2026-05-23 01:45:00;LocomotiveType enthaelt Dummy: Dummy;raw_locomotivemovement.LocomotiveType
raw_locomotivemovement;11055;95710601054-0;453534;2026-05-23 04:17:00;2026-05-23 04:30:00;LocomotiveType enthaelt Dummy: Dummy;raw_locomotivemovement.LocomotiveType
raw_locomotivemovement;11056;95710601054-0;453534;2026-05-23 04:45:00;2026-05-23 05:30:00;LocomotiveType enthaelt Dummy: Dummy;raw_locomotivemovement.LocomotiveType
raw_locomotivemovement;11057;95710601054-0;453534;2026-05-23 05:30:00;2026-05-23 11:46:00;LocomotiveType enthaelt Dummy: Dummy;raw_locomotivemovement.LocomotiveType
raw_locomotivemovement;5249;95710601054-0;453530;2026-05-26 19:05:00;2026-05-27 02:00:00;LocomotiveType enthaelt Dummy: Dummy;raw_locomotivemovement.LocomotiveType
raw_locomotivemovement;18336;95710601054-0;453536;2026-05-26 23:33:00;2026-05-26 23:55:00;LocomotiveType enthaelt Dummy: Dummy;raw_locomotivemovement.LocomotiveType
raw_locomotivemovement;18337;95710601054-0;453536;2026-05-26 23:55:00;2026-05-27 03:41:00;LocomotiveType enthaelt Dummy: Dummy;raw_locomotivemovement.LocomotiveType
raw_locomotivemovement;7254;95710601054-0;453539;2026-05-27 22:28:00;2026-05-27 22:48:00;LocomotiveType enthaelt Dummy: Dummy;raw_locomotivemovement.LocomotiveType
raw_locomotivemovement;7255;95710601054-0;453539;2026-05-27 22:48:00;2026-05-27 23:11:00;LocomotiveType enthaelt Dummy: Dummy;raw_locomotivemovement.LocomotiveType
raw_locomotivemovement;7256;95710601054-0;453539;2026-05-27 23:11:00;2026-05-28 02:57:00;LocomotiveType enthaelt Dummy: Dummy;raw_locomotivemovement.LocomotiveType
raw_locomotivemovement;20027;95710601054-0;453524;2026-06-03 01:39:00;2026-06-03 05:26:00;LocomotiveType enthaelt Dummy: Dummy;raw_locomotivemovement.LocomotiveType
raw_locomotivemovement;20028;95710601054-0;453524;2026-06-03 05:26:00;2026-06-03 05:40:00;LocomotiveType enthaelt Dummy: Dummy;raw_locomotivemovement.LocomotiveType
raw_locomotivemovement;4844;95710601054-0;453529;2026-06-03 08:14:00;2026-06-03 08:36:00;LocomotiveType enthaelt Dummy: Dummy;raw_locomotivemovement.LocomotiveType
raw_locomotivemovement;4845;95710601054-0;453529;2026-06-03 08:36:00;2026-06-03 12:22:00;LocomotiveType enthaelt Dummy: Dummy;raw_locomotivemovement.LocomotiveType
raw_locomotivemovement;9325;95710601054-0;453545;2026-06-08 16:53:00;2026-06-08 23:00:00;LocomotiveType enthaelt Dummy: Dummy;raw_locomotivemovement.LocomotiveType
raw_locomotivemovement;9326;95710601054-0;453545;2026-06-08 23:00:00;2026-06-09 05:00:00;LocomotiveType enthaelt Dummy: Dummy;raw_locomotivemovement.LocomotiveType
raw_locomotivemovement;9836;95710601054-0;453518;2026-06-08 23:45:00;2026-06-09 02:00:00;LocomotiveType enthaelt Dummy: Dummy;raw_locomotivemovement.LocomotiveType
raw_locomotivemovement;12785;95710601054-0;453522;2026-06-11 17:36:00;2026-06-12 01:44:00;LocomotiveType enthaelt Dummy: Dummy;raw_locomotivemovement.LocomotiveType
raw_locomotivemovement;10480;95710601054-0;453516;2026-06-12 00:56:00;2026-06-12 01:01:00;LocomotiveType enthaelt Dummy: Dummy;raw_locomotivemovement.LocomotiveType
raw_locomotivemovement;10481;95710601054-0;453516;2026-06-12 01:01:00;2026-06-12 01:30:00;LocomotiveType enthaelt Dummy: Dummy;raw_locomotivemovement.LocomotiveType
raw_locomotivemovement;12786;95710601054-0;453522;2026-06-12 01:44:00;2026-06-12 02:19:00;LocomotiveType enthaelt Dummy: Dummy;raw_locomotivemovement.LocomotiveType
raw_locomotivemovement;12787;95710601054-0;453522;2026-06-12 02:32:00;2026-06-12 02:38:00;LocomotiveType enthaelt Dummy: Dummy;raw_locomotivemovement.LocomotiveType
raw_locomotivemovement;12788;95710601054-0;453522;2026-06-12 02:38:00;2026-06-12 02:47:00;LocomotiveType enthaelt Dummy: Dummy;raw_locomotivemovement.LocomotiveType
raw_locomotivemovement;10482;95710601054-0;453516;2026-06-12 04:04:00;2026-06-12 11:00:00;LocomotiveType enthaelt Dummy: Dummy;raw_locomotivemovement.LocomotiveType
raw_locomotivemovement;14885;95710601054-0;453542;2026-06-14 20:26:00;2026-06-14 20:45:00;LocomotiveType enthaelt Dummy: Dummy;raw_locomotivemovement.LocomotiveType
raw_locomotivemovement;14886;95710601054-0;453542;2026-06-14 22:00:00;2026-06-14 22:10:00;LocomotiveType enthaelt Dummy: Dummy;raw_locomotivemovement.LocomotiveType
raw_locomotivemovement;14887;95710601054-0;453542;2026-06-14 22:15:00;2026-06-15 05:00:00;LocomotiveType enthaelt Dummy: Dummy;raw_locomotivemovement.LocomotiveType
raw_locomotivemovement;1438;95571061094-5;449600;2026-05-25 19:00:00;2026-05-25 20:00:00;LocomotiveType enthaelt Dummy: Dummy;raw_locomotivemovement.LocomotiveType
raw_locomotivemovement;1439;95571061094-5;449600;2026-05-25 20:00:00;2026-05-25 20:30:00;LocomotiveType enthaelt Dummy: Dummy;raw_locomotivemovement.LocomotiveType
raw_locomotivemovement;1440;95571061094-5;449600;2026-05-25 23:35:00;2026-05-26 00:01:00;LocomotiveType enthaelt Dummy: Dummy;raw_locomotivemovement.LocomotiveType
raw_locomotivemovement;1441;95571061094-5;449600;2026-05-26 01:23:00;2026-05-26 01:28:00;LocomotiveType enthaelt Dummy: Dummy;raw_locomotivemovement.LocomotiveType
raw_locomotivemovement;1447;95571061094-5;449600;2026-05-26 01:28:00;2026-05-26 05:00:00;LocomotiveType enthaelt Dummy: Dummy;raw_locomotivemovement.LocomotiveType
raw_locomotivemovement;1443;95571061094-5;449600;2026-05-26 05:00:00;2026-05-26 22:00:00;LocomotiveType enthaelt Dummy: Dummy;raw_locomotivemovement.LocomotiveType
raw_locomotivemovement;1444;95571061094-5;449600;2026-05-26 23:04:00;2026-05-27 01:00:00;LocomotiveType enthaelt Dummy: Dummy;raw_locomotivemovement.LocomotiveType
raw_locomotivemovement;1442;95571061094-5;449600;2026-05-27 01:00:00;2026-05-27 05:27:00;LocomotiveType enthaelt Dummy: Dummy;raw_locomotivemovement.LocomotiveType
raw_locomotivemovement;1445;95571061094-5;449600;2026-05-27 06:55:00;2026-05-27 18:44:00;LocomotiveType enthaelt Dummy: Dummy;raw_locomotivemovement.LocomotiveType
raw_locomotivemovement;1446;95571061094-5;449600;2026-05-27 18:44:00;2026-05-27 22:40:00;LocomotiveType enthaelt Dummy: Dummy;raw_locomotivemovement.LocomotiveType
raw_locomotivemovement;10857;95571061094-5;447906;2026-05-30 23:33:00;2026-05-31 02:57:00;LocomotiveType enthaelt Dummy: Dummy;raw_locomotivemovement.LocomotiveType
raw_locomotivemovement;10873;95571061094-5;447906;2026-05-31 03:01:00;2026-05-31 06:00:00;LocomotiveType enthaelt Dummy: Dummy;raw_locomotivemovement.LocomotiveType
raw_locomotivemovement;10874;95571061094-5;447906;2026-05-31 06:05:00;2026-05-31 06:10:00;LocomotiveType enthaelt Dummy: Dummy;raw_locomotivemovement.LocomotiveType
raw_locomotivemovement;10858;95571061094-5;447906;2026-05-31 08:00:00;2026-05-31 11:20:00;LocomotiveType enthaelt Dummy: Dummy;raw_locomotivemovement.LocomotiveType
raw_locomotivemovement;10859;95571061094-5;447906;2026-05-31 11:26:00;2026-05-31 12:14:00;LocomotiveType enthaelt Dummy: Dummy;raw_locomotivemovement.LocomotiveType
raw_locomotivemovement;10875;95571061094-5;447906;2026-05-31 12:14:00;2026-05-31 15:22:00;LocomotiveType enthaelt Dummy: Dummy;raw_locomotivemovement.LocomotiveType
raw_locomotivemovement;10872;95571061094-5;447906;2026-05-31 15:23:00;2026-05-31 15:57:00;LocomotiveType enthaelt Dummy: Dummy;raw_locomotivemovement.LocomotiveType
raw_locomotivemovement;10860;95571061094-5;447906;2026-05-31 18:50:00;2026-05-31 22:28:00;LocomotiveType enthaelt Dummy: Dummy;raw_locomotivemovement.LocomotiveType
raw_locomotivemovement;10867;95571061094-5;447906;2026-05-31 22:29:00;2026-06-01 01:12:00;LocomotiveType enthaelt Dummy: Dummy;raw_locomotivemovement.LocomotiveType
raw_locomotivemovement;10865;95571061094-5;447906;2026-06-01 01:12:00;2026-06-01 01:32:00;LocomotiveType enthaelt Dummy: Dummy;raw_locomotivemovement.LocomotiveType
raw_locomotivemovement;10864;95571061094-5;447906;2026-06-01 04:06:00;2026-06-01 04:17:00;LocomotiveType enthaelt Dummy: Dummy;raw_locomotivemovement.LocomotiveType
raw_locomotivemovement;10861;95571061094-5;447906;2026-06-02 17:30:00;2026-06-02 19:00:00;LocomotiveType enthaelt Dummy: Dummy;raw_locomotivemovement.LocomotiveType
raw_locomotivemovement;10862;95571061094-5;447906;2026-06-03 00:55:00;2026-06-03 01:41:00;LocomotiveType enthaelt Dummy: Dummy;raw_locomotivemovement.LocomotiveType
raw_locomotivemovement;10870;95571061094-5;447906;2026-06-03 01:50:00;2026-06-03 02:10:00;LocomotiveType enthaelt Dummy: Dummy;raw_locomotivemovement.LocomotiveType
raw_locomotivemovement;10866;95571061094-5;447906;2026-06-03 02:10:00;2026-06-03 02:25:00;LocomotiveType enthaelt Dummy: Dummy;raw_locomotivemovement.LocomotiveType
raw_locomotivemovement;10863;95571061094-5;447906;2026-06-03 03:05:00;2026-06-03 03:30:00;LocomotiveType enthaelt Dummy: Dummy;raw_locomotivemovement.LocomotiveType
raw_locomotivemovement;10868;95571061094-5;447906;2026-06-03 03:30:00;2026-06-03 04:50:00;LocomotiveType enthaelt Dummy: Dummy;raw_locomotivemovement.LocomotiveType
raw_locomotivemovement;10869;95571061094-5;447906;2026-06-03 04:50:00;2026-06-03 06:19:00;LocomotiveType enthaelt Dummy: Dummy;raw_locomotivemovement.LocomotiveType
raw_locomotivemovement;10871;95571061094-5;447906;2026-06-03 07:00:00;2026-06-03 08:00:00;LocomotiveType enthaelt Dummy: Dummy;raw_locomotivemovement.LocomotiveType
