run_id;loco_no;transport_number;next_transport_number;location_name;stand_from_utc;stand_to_utc;stand_duration_minutes;performing_ru;report_scope;next_report_scope;stand_class;suggested_action;source_table;source_row_id
RUN_20260621_191259;91547383018-9;450698;454612;Lehrte MegaHub;2026-05-27 19:19:00;2026-06-10 20:00:00;20201;LTE NL - LTE Netherlands B.V.;IN_REPORT;IN_REPORT;POTENTIAL_COLD_STAND;Standzeit ueber 8 Stunden am selben Ort. Fachlich als moegliche kalte Abstellung pruefen.;raw_locomotivemovement;10627
RUN_20260621_191259;91850000010-7;457812;458177;Karlsruhe Gbf;2026-06-05 20:46:00;2026-06-17 20:30:00;17264;MEDWAY - Operador Ferroviário e Logistico de Mercadorias, SA;IN_REPORT;IN_REPORT;POTENTIAL_COLD_STAND;Standzeit ueber 8 Stunden am selben Ort. Fachlich als moegliche kalte Abstellung pruefen.;raw_locomotivemovement;11403
RUN_20260621_191259;90802159256-7;456606;456607;Passau Gbf;2026-05-27 14:30:00;2026-06-07 14:50:00;15860;RTB CARGO GmbH;IN_REPORT;IN_REPORT;POTENTIAL_COLD_STAND;Standzeit ueber 8 Stunden am selben Ort. Fachlich als moegliche kalte Abstellung pruefen.;raw_locomotivemovement;4297
RUN_20260621_191259;91547383022-1;450532;454449;Lehrte MegaHub;2026-05-23 21:50:00;2026-06-02 19:00:00;14230;LTE NL - LTE Netherlands B.V.;IN_REPORT;IN_REPORT;POTENTIAL_COLD_STAND;Standzeit ueber 8 Stunden am selben Ort. Fachlich als moegliche kalte Abstellung pruefen.;raw_locomotivemovement;4366
RUN_20260621_191259;91806193944-6;457120;457123;Kirchweyhe;2026-05-25 16:20:00;2026-06-02 18:32:00;11652;LTE NL - LTE Netherlands B.V.;IN_REPORT;IN_REPORT;POTENTIAL_COLD_STAND;Standzeit ueber 8 Stunden am selben Ort. Fachlich als moegliche kalte Abstellung pruefen.;raw_locomotivemovement;12397
RUN_20260621_191259;91806192999-1;453746;456485;Osnabrück Hbf;2026-05-30 03:53:00;2026-06-06 10:00:00;10447;LTE DE - LTE Germany GmbH;IN_REPORT;IN_REPORT;POTENTIAL_COLD_STAND;Standzeit ueber 8 Stunden am selben Ort. Fachlich als moegliche kalte Abstellung pruefen.;raw_locomotivemovement;21322
RUN_20260621_191259;91806185309-2;456875;456875;Passau Gbf;2026-05-30 15:56:00;2026-06-06 16:42:00;10126;LTE DE - LTE Germany GmbH;IN_REPORT;IN_REPORT;POTENTIAL_COLD_STAND;Standzeit ueber 8 Stunden am selben Ort. Fachlich als moegliche kalte Abstellung pruefen.;raw_locomotivemovement;10126
RUN_20260621_191259;91806185294-6;455301;457793;Aachen West;2026-05-27 12:42:00;2026-06-03 03:17:00;9515;LTE DE - LTE Germany GmbH;IN_REPORT;IN_REPORT;POTENTIAL_COLD_STAND;Standzeit ueber 8 Stunden am selben Ort. Fachlich als moegliche kalte Abstellung pruefen.;raw_locomotivemovement;12830
RUN_20260621_191259;91806193377-9;457405;459726;Aachen West;2026-06-11 22:42:00;2026-06-16 23:24:00;7242;LTE DE - LTE Germany GmbH;IN_REPORT;IN_REPORT;POTENTIAL_COLD_STAND;Standzeit ueber 8 Stunden am selben Ort. Fachlich als moegliche kalte Abstellung pruefen.;raw_locomotivemovement;14881
RUN_20260621_191259;91806185680-6;457144;457145;Nürnberg Rbf;2026-05-31 02:48:00;2026-06-04 15:30:00;6522;LTE DE - LTE Germany GmbH;IN_REPORT;IN_REPORT;POTENTIAL_COLD_STAND;Standzeit ueber 8 Stunden am selben Ort. Fachlich als moegliche kalte Abstellung pruefen.;raw_locomotivemovement;14686
RUN_20260621_191259;91806193377-9;455687;456419;Aachen West;2026-05-24 13:00:00;2026-05-29 01:07:00;6487;LTE DE - LTE Germany GmbH;IN_REPORT;IN_REPORT;POTENTIAL_COLD_STAND;Standzeit ueber 8 Stunden am selben Ort. Fachlich als moegliche kalte Abstellung pruefen.;raw_locomotivemovement;5473
RUN_20260621_191259;91806193386-0;457412;459340;Aachen West;2026-06-12 22:25:00;2026-06-16 21:50:00;5725;LTE DE - LTE Germany GmbH;IN_REPORT;IN_REPORT;POTENTIAL_COLD_STAND;Standzeit ueber 8 Stunden am selben Ort. Fachlich als moegliche kalte Abstellung pruefen.;raw_locomotivemovement;2331
RUN_20260621_191259;91807193100-3;450487;450700;Viersen Gbf;2026-05-23 16:53:00;2026-05-27 15:00:00;5647;LTE NL - LTE Netherlands B.V.;IN_REPORT;IN_REPORT;POTENTIAL_COLD_STAND;Standzeit ueber 8 Stunden am selben Ort. Fachlich als moegliche kalte Abstellung pruefen.;raw_locomotivemovement;10620
RUN_20260621_191259;91807193230-8;454719;458460;Neuss Gbf;2026-05-30 21:30:00;2026-06-03 16:15:00;5445;LTE NL - LTE Netherlands B.V.;IN_REPORT;IN_REPORT;POTENTIAL_COLD_STAND;Standzeit ueber 8 Stunden am selben Ort. Fachlich als moegliche kalte Abstellung pruefen.;raw_locomotivemovement;4348
RUN_20260621_191259;91887186221-8;450547;450639;Neuss Gbf;2026-05-23 20:24:00;2026-05-27 13:46:00;5362;LTE NL - LTE Netherlands B.V.;IN_REPORT;IN_REPORT;POTENTIAL_COLD_STAND;Standzeit ueber 8 Stunden am selben Ort. Fachlich als moegliche kalte Abstellung pruefen.;raw_locomotivemovement;18461
RUN_20260621_191259;91806192999-1;453750;455260;Osnabrück Hbf;2026-05-23 18:43:00;2026-05-27 11:30:00;5327;LTE DE - LTE Germany GmbH;IN_REPORT;IN_REPORT;POTENTIAL_COLD_STAND;Standzeit ueber 8 Stunden am selben Ort. Fachlich als moegliche kalte Abstellung pruefen.;raw_locomotivemovement;13854
RUN_20260621_191259;91806193962-8;454425;454708;Rheinhausen;2026-06-05 07:39:00;2026-06-08 20:53:00;5114;LTE NL - LTE Netherlands B.V.;IN_REPORT;IN_REPORT;POTENTIAL_COLD_STAND;Standzeit ueber 8 Stunden am selben Ort. Fachlich als moegliche kalte Abstellung pruefen.;raw_locomotivemovement;7515
RUN_20260621_191259;91806193622-8;458310;458057;Coswig (Anh) Gbf;2026-05-31 02:24:00;2026-06-03 15:36:00;5112;LTE NL - LTE Netherlands B.V.;IN_REPORT;IN_REPORT;POTENTIAL_COLD_STAND;Standzeit ueber 8 Stunden am selben Ort. Fachlich als moegliche kalte Abstellung pruefen.;raw_locomotivemovement;5064
RUN_20260621_191259;91811286940-2;450427;450584;Ludwigshafen (Rhein) BASF Ubf;2026-05-23 07:19:00;2026-05-26 18:30:00;4991;LTE NL - LTE Netherlands B.V.;IN_REPORT;IN_REPORT;POTENTIAL_COLD_STAND;Standzeit ueber 8 Stunden am selben Ort. Fachlich als moegliche kalte Abstellung pruefen.;raw_locomotivemovement;14197
RUN_20260621_191259;91806193804-2;454471;454526;Emmerich;2026-06-04 00:21:00;2026-06-07 11:30:00;4989;LTE NL - LTE Netherlands B.V.;IN_REPORT;IN_REPORT;POTENTIAL_COLD_STAND;Standzeit ueber 8 Stunden am selben Ort. Fachlich als moegliche kalte Abstellung pruefen.;raw_locomotivemovement;17951
RUN_20260621_191259;91806189806-3;457581;457578;Krefeld-Linn;2026-06-12 02:22:00;2026-06-15 11:00:00;4838;LTE DE - LTE Germany GmbH;IN_REPORT;IN_REPORT;POTENTIAL_COLD_STAND;Standzeit ueber 8 Stunden am selben Ort. Fachlich als moegliche kalte Abstellung pruefen.;raw_locomotivemovement;14567
RUN_20260621_191259;91806189806-3;453708;457578;Krefeld-Uerdingen;2026-06-12 02:30:00;2026-06-15 11:00:00;4830;LTE DE - LTE Germany GmbH;IN_REPORT;IN_REPORT;POTENTIAL_COLD_STAND;Standzeit ueber 8 Stunden am selben Ort. Fachlich als moegliche kalte Abstellung pruefen.;raw_locomotivemovement;1813
RUN_20260621_191259;91806193944-6;457331;457332;Neuss Gbf;2026-06-12 08:00:00;2026-06-15 15:00:00;4740;Rheincargo NEUSS;IN_REPORT;IN_REPORT;POTENTIAL_COLD_STAND;Standzeit ueber 8 Stunden am selben Ort. Fachlich als moegliche kalte Abstellung pruefen.;raw_locomotivemovement;19238
RUN_20260621_191259;91806193803-4;455684;455252;Osnabrück Hbf;2026-05-23 11:19:00;2026-05-26 17:00:00;4661;LTE DE - LTE Germany GmbH;IN_REPORT;IN_REPORT;POTENTIAL_COLD_STAND;Standzeit ueber 8 Stunden am selben Ort. Fachlich als moegliche kalte Abstellung pruefen.;raw_locomotivemovement;16234
RUN_20260621_191259;91806186941-1;457437;457441;Ludwigshafen (Rhein) BASF Ubf;2026-06-12 23:15:00;2026-06-16 02:38:00;4523;LTE NL - LTE Netherlands B.V.;IN_REPORT;IN_REPORT;POTENTIAL_COLD_STAND;Standzeit ueber 8 Stunden am selben Ort. Fachlich als moegliche kalte Abstellung pruefen.;raw_locomotivemovement;18994
RUN_20260621_191259;91806193377-9;457778;457400;Aachen West;2026-06-06 21:20:00;2026-06-10 00:04:00;4484;LTE DE - LTE Germany GmbH;IN_REPORT;IN_REPORT;POTENTIAL_COLD_STAND;Standzeit ueber 8 Stunden am selben Ort. Fachlich als moegliche kalte Abstellung pruefen.;raw_locomotivemovement;8832
RUN_20260621_191259;91806193818-2;458713;460526;Schwedt (Oder);2026-06-12 16:00:00;2026-06-15 18:30:00;4470;Rail & Sea Traction GmbH;IN_REPORT;IN_REPORT;POTENTIAL_COLD_STAND;Standzeit ueber 8 Stunden am selben Ort. Fachlich als moegliche kalte Abstellung pruefen.;raw_locomotivemovement;3526
RUN_20260621_191259;91806185294-6;457406;457398;Aachen West;2026-06-10 00:43:00;2026-06-13 00:19:00;4296;LTE DE - LTE Germany GmbH;IN_REPORT;IN_REPORT;POTENTIAL_COLD_STAND;Standzeit ueber 8 Stunden am selben Ort. Fachlich als moegliche kalte Abstellung pruefen.;raw_locomotivemovement;220
RUN_20260621_191259;91806193962-8;457391;458134;Gremberg;2026-05-26 23:43:00;2026-05-29 23:18:00;4295;LTE NL - LTE Netherlands B.V.;IN_REPORT;IN_REPORT;POTENTIAL_COLD_STAND;Standzeit ueber 8 Stunden am selben Ort. Fachlich als moegliche kalte Abstellung pruefen.;raw_locomotivemovement;16870
RUN_20260621_191259;91806193803-4;456488;456512;Osnabrück Hbf;2026-06-06 20:45:00;2026-06-09 17:25:00;4120;LTE DE - LTE Germany GmbH;IN_REPORT;IN_REPORT;POTENTIAL_COLD_STAND;Standzeit ueber 8 Stunden am selben Ort. Fachlich als moegliche kalte Abstellung pruefen.;raw_locomotivemovement;11529
RUN_20260621_191259;91806193804-2;455078;455131;Viersen Gbf;2026-06-18 01:06:00;2026-06-20 20:15:00;4029;LTE NL - LTE Netherlands B.V.;IN_REPORT;IN_REPORT;POTENTIAL_COLD_STAND;Standzeit ueber 8 Stunden am selben Ort. Fachlich als moegliche kalte Abstellung pruefen.;raw_locomotivemovement;880
RUN_20260621_191259;91547383018-9;454681;454611;Lehrte MegaHub;2026-06-12 06:22:00;2026-06-14 21:40:00;3798;LTE NL - LTE Netherlands B.V.;IN_REPORT;IN_REPORT;POTENTIAL_COLD_STAND;Standzeit ueber 8 Stunden am selben Ort. Fachlich als moegliche kalte Abstellung pruefen.;raw_locomotivemovement;1603
RUN_20260621_191259;91806193803-4;456481;456484;Osnabrück Hbf;2026-06-02 21:00:00;2026-06-05 11:55:00;3775;LTE DE - LTE Germany GmbH;IN_REPORT;IN_REPORT;POTENTIAL_COLD_STAND;Standzeit ueber 8 Stunden am selben Ort. Fachlich als moegliche kalte Abstellung pruefen.;raw_locomotivemovement;11254
RUN_20260621_191259;90802019402-7;457702;459671;Bernburg;2026-06-13 00:00:00;2026-06-15 13:45:00;3705;LTE DE - LTE Germany GmbH;IN_REPORT;IN_REPORT;POTENTIAL_COLD_STAND;Standzeit ueber 8 Stunden am selben Ort. Fachlich als moegliche kalte Abstellung pruefen.;raw_locomotivemovement;17368
RUN_20260621_191259;91806193625-1;451135;457365;Neuhof (Kr Fulda);2026-06-01 15:42:00;2026-06-04 05:22:00;3700;Bahnbetrieb GERA;IN_REPORT;IN_REPORT;POTENTIAL_COLD_STAND;Standzeit ueber 8 Stunden am selben Ort. Fachlich als moegliche kalte Abstellung pruefen.;raw_locomotivemovement;5765
RUN_20260621_191259;91806189205-8;457379;458599;Neuhof (Kr Fulda);2026-06-15 09:02:00;2026-06-17 21:47:00;3645;LTE PL - LTE Polska Spółka z o.o.;IN_REPORT;IN_REPORT;POTENTIAL_COLD_STAND;Standzeit ueber 8 Stunden am selben Ort. Fachlich als moegliche kalte Abstellung pruefen.;raw_locomotivemovement;17735
RUN_20260621_191259;90802159256-7;458708;459471;Schwedt (Oder);2026-06-10 01:22:00;2026-06-12 11:00:00;3458;RTB CARGO GmbH;IN_REPORT;IN_REPORT;POTENTIAL_COLD_STAND;Standzeit ueber 8 Stunden am selben Ort. Fachlich als moegliche kalte Abstellung pruefen.;raw_locomotivemovement;8637
RUN_20260621_191259;91806193257-3;460816;460817;Leipzig-Engelsdorf;2026-06-18 11:58:00;2026-06-20 21:26:00;3448;LTE NL - LTE Netherlands B.V.;IN_REPORT;IN_REPORT;POTENTIAL_COLD_STAND;Standzeit ueber 8 Stunden am selben Ort. Fachlich als moegliche kalte Abstellung pruefen.;raw_locomotivemovement;16670
RUN_20260621_191259;91806193042-9;454474;454525;Emmerich;2026-06-02 00:58:00;2026-06-04 10:15:00;3437;LTE NL - LTE Netherlands B.V.;IN_REPORT;IN_REPORT;POTENTIAL_COLD_STAND;Standzeit ueber 8 Stunden am selben Ort. Fachlich als moegliche kalte Abstellung pruefen.;raw_locomotivemovement;16927
RUN_20260621_191259;91806193854-7;453976;453976;Weinheim (Bergstr);2026-06-14 10:34:00;2026-06-16 19:44:00;3430;LTE DE - LTE Germany GmbH;IN_REPORT;IN_REPORT;POTENTIAL_COLD_STAND;Standzeit ueber 8 Stunden am selben Ort. Fachlich als moegliche kalte Abstellung pruefen.;raw_locomotivemovement;8071
RUN_20260621_191259;91806193375-3;457374;456889;Neuss Gbf;2026-06-02 07:06:00;2026-06-04 15:33:00;3387;LTE DE - LTE Germany GmbH;IN_REPORT;IN_REPORT;POTENTIAL_COLD_STAND;Standzeit ueber 8 Stunden am selben Ort. Fachlich als moegliche kalte Abstellung pruefen.;raw_locomotivemovement;13619
RUN_20260621_191259;91806185310-0;455294;456418;Aachen West;2026-05-24 19:33:00;2026-05-27 03:49:00;3376;LTE DE - LTE Germany GmbH;IN_REPORT;IN_REPORT;POTENTIAL_COLD_STAND;Standzeit ueber 8 Stunden am selben Ort. Fachlich als moegliche kalte Abstellung pruefen.;raw_locomotivemovement;13732
RUN_20260621_191259;90802019402-7;455235;457894;Baalberge;2026-05-30 05:56:00;2026-06-01 13:55:00;3359;LTE DE - LTE Germany GmbH;IN_REPORT;IN_REPORT;POTENTIAL_COLD_STAND;Standzeit ueber 8 Stunden am selben Ort. Fachlich als moegliche kalte Abstellung pruefen.;raw_locomotivemovement;4279
RUN_20260621_191259;91806193042-9;455079;455130;Viersen Gbf;2026-06-17 01:45:00;2026-06-19 09:40:00;3355;LTE NL - LTE Netherlands B.V.;IN_REPORT;IN_REPORT;POTENTIAL_COLD_STAND;Standzeit ueber 8 Stunden am selben Ort. Fachlich als moegliche kalte Abstellung pruefen.;raw_locomotivemovement;11427
RUN_20260621_191259;91806193754-9;459661;461916;Köthen Mitte;2026-06-17 19:38:00;2026-06-20 03:20:00;3342;LTE DE - LTE Germany GmbH;IN_REPORT;IN_REPORT;POTENTIAL_COLD_STAND;Standzeit ueber 8 Stunden am selben Ort. Fachlich als moegliche kalte Abstellung pruefen.;raw_locomotivemovement;10020
RUN_20260621_191259;91806189205-8;457370;458573;Neuhof (Kr Fulda);2026-06-08 16:11:00;2026-06-10 22:46:00;3275;Bahnbetrieb GERA;IN_REPORT;IN_REPORT;POTENTIAL_COLD_STAND;Standzeit ueber 8 Stunden am selben Ort. Fachlich als moegliche kalte Abstellung pruefen.;raw_locomotivemovement;976
RUN_20260621_191259;91806193375-3;456879;457395;Neuss Gbf;2026-06-06 22:00:00;2026-06-09 03:31:00;3211;LTE DE - LTE Germany GmbH;IN_REPORT;IN_REPORT;POTENTIAL_COLD_STAND;Standzeit ueber 8 Stunden am selben Ort. Fachlich als moegliche kalte Abstellung pruefen.;raw_locomotivemovement;9473
RUN_20260621_191259;91806185346-4;455304;456415;Wanne-Eickel Hbf;2026-05-29 18:30:00;2026-05-31 23:00:00;3150;LTE DE - LTE Germany GmbH;IN_REPORT;IN_REPORT;POTENTIAL_COLD_STAND;Standzeit ueber 8 Stunden am selben Ort. Fachlich als moegliche kalte Abstellung pruefen.;raw_locomotivemovement;14368
RUN_20260621_191259;91806193804-2;454631;454684;Viersen Gbf;2026-06-11 03:23:00;2026-06-13 07:50:00;3147;LTE NL - LTE Netherlands B.V.;IN_REPORT;IN_REPORT;POTENTIAL_COLD_STAND;Standzeit ueber 8 Stunden am selben Ort. Fachlich als moegliche kalte Abstellung pruefen.;raw_locomotivemovement;5272
RUN_20260621_191259;91806193221-9;458655;458659;Leipzig Hbf;2026-06-03 07:50:00;2026-06-05 12:01:00;3131;LTE NL - LTE Netherlands B.V.;IN_REPORT;IN_REPORT;POTENTIAL_COLD_STAND;Standzeit ueber 8 Stunden am selben Ort. Fachlich als moegliche kalte Abstellung pruefen.;raw_locomotivemovement;13960
RUN_20260621_191259;91547383022-1;454679;455057;Lehrte MegaHub;2026-06-14 12:33:00;2026-06-16 16:00:00;3087;LTE NL - LTE Netherlands B.V.;IN_REPORT;IN_REPORT;POTENTIAL_COLD_STAND;Standzeit ueber 8 Stunden am selben Ort. Fachlich als moegliche kalte Abstellung pruefen.;raw_locomotivemovement;20786
RUN_20260621_191259;91806193622-8;460094;460096;Nordenham;2026-06-13 09:19:00;2026-06-15 11:59:00;3040;LTE NL - LTE Netherlands B.V.;IN_REPORT;IN_REPORT;POTENTIAL_COLD_STAND;Standzeit ueber 8 Stunden am selben Ort. Fachlich als moegliche kalte Abstellung pruefen.;raw_locomotivemovement;17487
RUN_20260621_191259;90802019402-7;460415;459434;Eisenach Gbf;2026-06-15 19:25:00;2026-06-17 22:00:00;3035;LTE DE - LTE Germany GmbH;IN_REPORT;IN_REPORT;POTENTIAL_COLD_STAND;Standzeit ueber 8 Stunden am selben Ort. Fachlich als moegliche kalte Abstellung pruefen.;raw_locomotivemovement;1556
RUN_20260621_191259;91806193510-5;460249;460250;Frankfurt (Oder) Oderbrücke;2026-06-15 06:08:00;2026-06-17 08:39:00;3031;LTE PL - LTE Polska Spółka z o.o.;IN_REPORT;IN_REPORT;POTENTIAL_COLD_STAND;Standzeit ueber 8 Stunden am selben Ort. Fachlich als moegliche kalte Abstellung pruefen.;raw_locomotivemovement;17289
RUN_20260621_191259;91806186941-1;449279;449280;Stendell (PCK);2026-05-29 14:30:00;2026-05-31 17:00:00;3030;LTE DE - LTE Germany GmbH;IN_REPORT;IN_REPORT;POTENTIAL_COLD_STAND;Standzeit ueber 8 Stunden am selben Ort. Fachlich als moegliche kalte Abstellung pruefen.;raw_locomotivemovement;661
RUN_20260621_191259;91806185346-4;457410;459720;Neuss Gbf;2026-06-13 22:08:00;2026-06-16 00:33:00;3025;LTE DE - LTE Germany GmbH;IN_REPORT;IN_REPORT;POTENTIAL_COLD_STAND;Standzeit ueber 8 Stunden am selben Ort. Fachlich als moegliche kalte Abstellung pruefen.;raw_locomotivemovement;16727
RUN_20260621_191259;91547383015-5;454521;454451;Lehrte MegaHub;2026-06-05 03:49:00;2026-06-07 06:00:00;3011;LTE NL - LTE Netherlands B.V.;IN_REPORT;IN_REPORT;POTENTIAL_COLD_STAND;Standzeit ueber 8 Stunden am selben Ort. Fachlich als moegliche kalte Abstellung pruefen.;raw_locomotivemovement;12871
RUN_20260621_191259;91806193944-6;458041;459045;Nordenham;2026-06-02 22:08:00;2026-06-05 00:12:00;3004;LTE NL - LTE Netherlands B.V.;IN_REPORT;IN_REPORT;POTENTIAL_COLD_STAND;Standzeit ueber 8 Stunden am selben Ort. Fachlich als moegliche kalte Abstellung pruefen.;raw_locomotivemovement;7262
RUN_20260621_191259;91807193881-8;458386;458387;Neuss Gbf;2026-06-17 22:38:00;2026-06-20 00:16:00;2978;LTE NL - LTE Netherlands B.V.;IN_REPORT;IN_REPORT;POTENTIAL_COLD_STAND;Standzeit ueber 8 Stunden am selben Ort. Fachlich als moegliche kalte Abstellung pruefen.;raw_locomotivemovement;16138
RUN_20260621_191259;91806189806-3;453696;453691;Krefeld-Uerdingen;2026-05-31 08:28:00;2026-06-02 10:00:00;2972;LTE DE - LTE Germany GmbH;IN_REPORT;IN_REPORT;POTENTIAL_COLD_STAND;Standzeit ueber 8 Stunden am selben Ort. Fachlich als moegliche kalte Abstellung pruefen.;raw_locomotivemovement;4253
RUN_20260621_191259;91806193563-4;457777;457413;Aachen West;2026-06-10 22:02:00;2026-06-12 23:28:00;2966;LTE DE - LTE Germany GmbH;IN_REPORT;IN_REPORT;POTENTIAL_COLD_STAND;Standzeit ueber 8 Stunden am selben Ort. Fachlich als moegliche kalte Abstellung pruefen.;raw_locomotivemovement;6662
RUN_20260621_191259;91807193881-8;451886;451893;Ludwigshafen (Rhein) BASF Ubf;2026-05-31 01:45:00;2026-06-02 02:38:00;2933;LTE NL - LTE Netherlands B.V.;IN_REPORT;IN_REPORT;POTENTIAL_COLD_STAND;Standzeit ueber 8 Stunden am selben Ort. Fachlich als moegliche kalte Abstellung pruefen.;raw_locomotivemovement;6254
RUN_20260621_191259;91807193212-6;453546;453530;Aachen West;2026-05-27 22:44:00;2026-05-29 23:24:00;2920;DB Cargo Belgium;IN_REPORT;IN_REPORT;POTENTIAL_COLD_STAND;Standzeit ueber 8 Stunden am selben Ort. Fachlich als moegliche kalte Abstellung pruefen.;raw_locomotivemovement;19362
RUN_20260621_191259;91806193510-5;458649;458650;Frankfurt (Oder) Oderbrücke;2026-06-05 12:11:00;2026-06-07 11:51:00;2860;LTE PL - LTE Polska Spółka z o.o.;IN_REPORT;IN_REPORT;POTENTIAL_COLD_STAND;Standzeit ueber 8 Stunden am selben Ort. Fachlich als moegliche kalte Abstellung pruefen.;raw_locomotivemovement;6221
RUN_20260621_191259;91806193377-9;457771;457800;Aachen West;2026-06-03 00:05:00;2026-06-04 22:55:00;2810;LTE DE - LTE Germany GmbH;IN_REPORT;IN_REPORT;POTENTIAL_COLD_STAND;Standzeit ueber 8 Stunden am selben Ort. Fachlich als moegliche kalte Abstellung pruefen.;raw_locomotivemovement;7823
RUN_20260621_191259;91806193697-0;459651;461916;Köthen Mitte;2026-06-18 04:37:00;2026-06-20 03:20:00;2803;LTE DE - LTE Germany GmbH;IN_REPORT;IN_REPORT;POTENTIAL_COLD_STAND;Standzeit ueber 8 Stunden am selben Ort. Fachlich als moegliche kalte Abstellung pruefen.;raw_locomotivemovement;14310
RUN_20260621_191259;91806193627-7;455833;455834;Stendell (PCK);2026-06-13 15:35:00;2026-06-15 14:00:00;2785;LTE DE - LTE Germany GmbH;IN_REPORT;IN_REPORT;POTENTIAL_COLD_STAND;Standzeit ueber 8 Stunden am selben Ort. Fachlich als moegliche kalte Abstellung pruefen.;raw_locomotivemovement;4726
RUN_20260621_191259;90802159256-7;458705;459471;Passau Gbf;2026-06-10 13:20:00;2026-06-12 11:00:00;2740;RTB CARGO GmbH;IN_REPORT;IN_REPORT;POTENTIAL_COLD_STAND;Standzeit ueber 8 Stunden am selben Ort. Fachlich als moegliche kalte Abstellung pruefen.;raw_locomotivemovement;21089
RUN_20260621_191259;91806193803-4;455254;456480;Osnabrück Hbf;2026-05-30 14:15:00;2026-06-01 11:48:00;2733;LTE DE - LTE Germany GmbH;IN_REPORT;IN_REPORT;POTENTIAL_COLD_STAND;Standzeit ueber 8 Stunden am selben Ort. Fachlich als moegliche kalte Abstellung pruefen.;raw_locomotivemovement;10753
RUN_20260621_191259;91806193627-7;457106;457111;Kirchweyhe;2026-05-26 21:38:00;2026-05-28 18:02:00;2664;LTE NL - LTE Netherlands B.V.;IN_REPORT;IN_REPORT;POTENTIAL_COLD_STAND;Standzeit ueber 8 Stunden am selben Ort. Fachlich als moegliche kalte Abstellung pruefen.;raw_locomotivemovement;15839
RUN_20260621_191259;91806193013-0;457421;460304;Aachen West;2026-06-10 23:54:00;2026-06-12 20:00:00;2646;LTE DE - LTE Germany GmbH;IN_REPORT;IN_REPORT;POTENTIAL_COLD_STAND;Standzeit ueber 8 Stunden am selben Ort. Fachlich als moegliche kalte Abstellung pruefen.;raw_locomotivemovement;1134
RUN_20260621_191259;91806185221-9;456408;457783;Aachen West;2026-06-01 05:17:00;2026-06-03 00:40:00;2603;LTE DE - LTE Germany GmbH;IN_REPORT;IN_REPORT;POTENTIAL_COLD_STAND;Standzeit ueber 8 Stunden am selben Ort. Fachlich als moegliche kalte Abstellung pruefen.;raw_locomotivemovement;15411
RUN_20260621_191259;91547383015-5;450697;450628;Lehrte MegaHub;2026-05-29 06:30:00;2026-05-31 01:42:00;2592;LTE NL - LTE Netherlands B.V.;IN_REPORT;IN_REPORT;POTENTIAL_COLD_STAND;Standzeit ueber 8 Stunden am selben Ort. Fachlich als moegliche kalte Abstellung pruefen.;raw_locomotivemovement;7992
RUN_20260621_191259;91806185591-5;457843;449062;Passau Gbf;2026-06-05 21:54:00;2026-06-07 17:03:00;2589;LTE AT - LTE Austria GmbH;IN_REPORT;IN_REPORT;POTENTIAL_COLD_STAND;Standzeit ueber 8 Stunden am selben Ort. Fachlich als moegliche kalte Abstellung pruefen.;raw_locomotivemovement;2418
RUN_20260621_191259;91547383022-1;454519;454609;Lehrte MegaHub;2026-06-07 23:56:00;2026-06-09 17:45:00;2509;LTE NL - LTE Netherlands B.V.;IN_REPORT;IN_REPORT;POTENTIAL_COLD_STAND;Standzeit ueber 8 Stunden am selben Ort. Fachlich als moegliche kalte Abstellung pruefen.;raw_locomotivemovement;12062
RUN_20260621_191259;91806193272-2;453995;455963;Krefeld-Linn;2026-06-16 23:22:00;2026-06-18 17:00:00;2498;LTE DE - LTE Germany GmbH;IN_REPORT;IN_REPORT;POTENTIAL_COLD_STAND;Standzeit ueber 8 Stunden am selben Ort. Fachlich als moegliche kalte Abstellung pruefen.;raw_locomotivemovement;13124
RUN_20260621_191259;91806193622-8;457056;457058;Nordenham;2026-05-25 17:02:00;2026-05-27 08:50:00;2388;LTE NL - LTE Netherlands B.V.;IN_REPORT;IN_REPORT;POTENTIAL_COLD_STAND;Standzeit ueber 8 Stunden am selben Ort. Fachlich als moegliche kalte Abstellung pruefen.;raw_locomotivemovement;1608
RUN_20260621_191259;91887186221-8;454579;455015;Ludwigshafen (Rhein) BASF Ubf;2026-06-14 04:44:00;2026-06-15 20:15:00;2371;LTE NL - LTE Netherlands B.V.;IN_REPORT;IN_REPORT;POTENTIAL_COLD_STAND;Standzeit ueber 8 Stunden am selben Ort. Fachlich als moegliche kalte Abstellung pruefen.;raw_locomotivemovement;15507
RUN_20260621_191259;91807193881-8;457447;457429;Ludwigshafen (Rhein) BASF Ubf;2026-06-07 19:45:00;2026-06-09 11:00:00;2355;LTE NL - LTE Netherlands B.V.;IN_REPORT;IN_REPORT;POTENTIAL_COLD_STAND;Standzeit ueber 8 Stunden am selben Ort. Fachlich als moegliche kalte Abstellung pruefen.;raw_locomotivemovement;924
RUN_20260621_191259;91806185680-6;456488;456511;Osnabrück Hbf;2026-06-06 20:45:00;2026-06-08 11:55:00;2350;LTE DE - LTE Germany GmbH;IN_REPORT;IN_REPORT;POTENTIAL_COLD_STAND;Standzeit ueber 8 Stunden am selben Ort. Fachlich als moegliche kalte Abstellung pruefen.;raw_locomotivemovement;11513
RUN_20260621_191259;91547383022-1;454520;454450;Lehrte MegaHub;2026-06-04 04:13:00;2026-06-05 18:42:00;2309;LTE NL - LTE Netherlands B.V.;IN_REPORT;IN_REPORT;POTENTIAL_COLD_STAND;Standzeit ueber 8 Stunden am selben Ort. Fachlich als moegliche kalte Abstellung pruefen.;raw_locomotivemovement;14837
RUN_20260621_191259;91806185680-6;456504;458726;Osnabrück Hbf;2026-06-13 21:30:00;2026-06-15 11:55:00;2305;LTE DE - LTE Germany GmbH;IN_REPORT;IN_REPORT;POTENTIAL_COLD_STAND;Standzeit ueber 8 Stunden am selben Ort. Fachlich als moegliche kalte Abstellung pruefen.;raw_locomotivemovement;6703
RUN_20260621_191259;91547383015-5;454522;454452;Lehrte MegaHub;2026-06-02 04:24:00;2026-06-03 18:42:00;2298;LTE NL - LTE Netherlands B.V.;IN_REPORT;IN_REPORT;POTENTIAL_COLD_STAND;Standzeit ueber 8 Stunden am selben Ort. Fachlich als moegliche kalte Abstellung pruefen.;raw_locomotivemovement;16295
RUN_20260621_191259;91806193854-7;456607;457678;Passau Gbf;2026-06-07 07:10:00;2026-06-08 21:10:00;2280;LTE AT - LTE Austria GmbH;IN_REPORT;IN_REPORT;POTENTIAL_COLD_STAND;Standzeit ueber 8 Stunden am selben Ort. Fachlich als moegliche kalte Abstellung pruefen.;raw_locomotivemovement;8532
RUN_20260621_191259;91806193272-2;455963;455964;Hamburg Hohe Schaar;2026-06-19 01:30:00;2026-06-20 14:00:00;2190;LTE DE - LTE Germany GmbH;IN_REPORT;IN_REPORT;POTENTIAL_COLD_STAND;Standzeit ueber 8 Stunden am selben Ort. Fachlich als moegliche kalte Abstellung pruefen.;raw_locomotivemovement;2125
RUN_20260621_191259;91806193427-2;454419;454565;Ludwigshafen (Rhein) BASF Ubf;2026-06-07 06:21:00;2026-06-08 18:30:00;2169;LTE NL - LTE Netherlands B.V.;IN_REPORT;IN_REPORT;POTENTIAL_COLD_STAND;Standzeit ueber 8 Stunden am selben Ort. Fachlich als moegliche kalte Abstellung pruefen.;raw_locomotivemovement;16957
RUN_20260621_191259;92812016903-4;459149;459164;Mühldorf (Oberbay);2026-06-10 16:08:00;2026-06-12 04:00:00;2152;LTE DE - LTE Germany GmbH;IN_REPORT;IN_REPORT;POTENTIAL_COLD_STAND;Standzeit ueber 8 Stunden am selben Ort. Fachlich als moegliche kalte Abstellung pruefen.;raw_locomotivemovement;21354
RUN_20260621_191259;91807193886-7;456860;457323;Lehrte West;2026-05-25 00:47:00;2026-05-26 12:31:00;2144;LTE DE - LTE Germany GmbH;IN_REPORT;IN_REPORT;POTENTIAL_COLD_STAND;Standzeit ueber 8 Stunden am selben Ort. Fachlich als moegliche kalte Abstellung pruefen.;raw_locomotivemovement;20574
RUN_20260621_191259;91806192999-1;456500;458724;Eschwege West;2026-06-13 16:47:00;2026-06-15 04:00:00;2113;LTE DE - LTE Germany GmbH;IN_REPORT;IN_REPORT;POTENTIAL_COLD_STAND;Standzeit ueber 8 Stunden am selben Ort. Fachlich als moegliche kalte Abstellung pruefen.;raw_locomotivemovement;15331
RUN_20260621_191259;91806193803-4;456500;458724;Eschwege West;2026-06-13 16:47:00;2026-06-15 04:00:00;2113;LTE DE - LTE Germany GmbH;IN_REPORT;IN_REPORT;POTENTIAL_COLD_STAND;Standzeit ueber 8 Stunden am selben Ort. Fachlich als moegliche kalte Abstellung pruefen.;raw_locomotivemovement;15341
RUN_20260621_191259;91806185680-6;455262;457144;Ingolstadt Hbf;2026-05-29 12:54:00;2026-05-30 23:00:00;2046;LTE DE - LTE Germany GmbH;IN_REPORT;IN_REPORT;POTENTIAL_COLD_STAND;Standzeit ueber 8 Stunden am selben Ort. Fachlich als moegliche kalte Abstellung pruefen.;raw_locomotivemovement;164
RUN_20260621_191259;91806193272-2;457292;457293;Straubing;2026-06-05 02:12:00;2026-06-06 12:09:00;2037;LTE DE - LTE Germany GmbH;IN_REPORT;IN_REPORT;POTENTIAL_COLD_STAND;Standzeit ueber 8 Stunden am selben Ort. Fachlich als moegliche kalte Abstellung pruefen.;raw_locomotivemovement;14755
RUN_20260621_191259;91806193260-7;458996;454404;Ludwigshafen (Rhein) BASF Ubf;2026-06-04 08:37:00;2026-06-05 18:30:00;2033;LTE NL - LTE Netherlands B.V.;IN_REPORT;IN_REPORT;POTENTIAL_COLD_STAND;Standzeit ueber 8 Stunden am selben Ort. Fachlich als moegliche kalte Abstellung pruefen.;raw_locomotivemovement;438
RUN_20260621_191259;91806193968-5;455290;455291;Passau Gbf;2026-05-24 03:28:00;2026-05-25 12:58:00;2010;LTE AT - LTE Austria GmbH;IN_REPORT;IN_REPORT;POTENTIAL_COLD_STAND;Standzeit ueber 8 Stunden am selben Ort. Fachlich als moegliche kalte Abstellung pruefen.;raw_locomotivemovement;21397
RUN_20260621_191259;91806193272-2;457294;457295;Straubing;2026-06-12 02:34:00;2026-06-13 11:54:00;2000;LTE DE - LTE Germany GmbH;IN_REPORT;IN_REPORT;POTENTIAL_COLD_STAND;Standzeit ueber 8 Stunden am selben Ort. Fachlich als moegliche kalte Abstellung pruefen.;raw_locomotivemovement;15776
RUN_20260621_191259;91806192999-1;456485;456497;Bebra Rbf;2026-06-06 18:45:00;2026-06-08 04:00:00;1995;LTE DE - LTE Germany GmbH;IN_REPORT;IN_REPORT;POTENTIAL_COLD_STAND;Standzeit ueber 8 Stunden am selben Ort. Fachlich als moegliche kalte Abstellung pruefen.;raw_locomotivemovement;17912
RUN_20260621_191259;91806193803-4;459969;458744;Osnabrück Hbf;2026-06-16 04:50:00;2026-06-17 13:55:00;1985;LTE DE - LTE Germany GmbH;IN_REPORT;IN_REPORT;POTENTIAL_COLD_STAND;Standzeit ueber 8 Stunden am selben Ort. Fachlich als moegliche kalte Abstellung pruefen.;raw_locomotivemovement;19342
RUN_20260621_191259;91811216910-0;457294;459088;Passau Gbf;2026-06-12 00:38:00;2026-06-13 09:41:00;1983;LTE AT - LTE Austria GmbH;IN_REPORT;IN_REPORT;POTENTIAL_COLD_STAND;Standzeit ueber 8 Stunden am selben Ort. Fachlich als moegliche kalte Abstellung pruefen.;raw_locomotivemovement;15755
RUN_20260621_191259;90802159259-1;455224;455217;Bernburg;2026-05-30 00:01:00;2026-05-31 09:00:00;1979;LTE DE - LTE Germany GmbH;IN_REPORT;IN_REPORT;POTENTIAL_COLD_STAND;Standzeit ueber 8 Stunden am selben Ort. Fachlich als moegliche kalte Abstellung pruefen.;raw_locomotivemovement;20758
RUN_20260621_191259;91806193042-9;450699;454474;Botlek;2026-05-31 13:06:00;2026-06-01 21:51:00;1965;LTE NL - LTE Netherlands B.V.;IN_REPORT;IN_REPORT;POTENTIAL_COLD_STAND;Standzeit ueber 8 Stunden am selben Ort. Fachlich als moegliche kalte Abstellung pruefen.;raw_locomotivemovement;17965
RUN_20260621_191259;91806193272-2;451232;451234;Straubing;2026-05-29 03:39:00;2026-05-30 12:23:00;1964;LTE DE - LTE Germany GmbH;IN_REPORT;IN_REPORT;POTENTIAL_COLD_STAND;Standzeit ueber 8 Stunden am selben Ort. Fachlich als moegliche kalte Abstellung pruefen.;raw_locomotivemovement;8187
RUN_20260621_191259;91806193089-0;456608;456606;Passau Gbf;2026-05-26 06:35:00;2026-05-27 15:13:00;1958;LTE AT - LTE Austria GmbH;IN_REPORT;IN_REPORT;POTENTIAL_COLD_STAND;Standzeit ueber 8 Stunden am selben Ort. Fachlich als moegliche kalte Abstellung pruefen.;raw_locomotivemovement;15211
RUN_20260621_191259;91806186943-7;457085;457079;Krefeld-Linn;2026-06-05 07:00:00;2026-06-06 15:30:00;1950;LTE DE - LTE Germany GmbH;IN_REPORT;IN_REPORT;POTENTIAL_COLD_STAND;Standzeit ueber 8 Stunden am selben Ort. Fachlich als moegliche kalte Abstellung pruefen.;raw_locomotivemovement;18816
RUN_20260621_191259;91887186221-8;450596;454405;Ludwigshafen (Rhein) BASF Ubf;2026-05-31 10:00:00;2026-06-01 18:30:00;1950;LTE NL - LTE Netherlands B.V.;IN_REPORT;IN_REPORT;POTENTIAL_COLD_STAND;Standzeit ueber 8 Stunden am selben Ort. Fachlich als moegliche kalte Abstellung pruefen.;raw_locomotivemovement;5666
RUN_20260621_191259;91811293902-3;458708;458705;Passau Gbf;2026-06-09 06:02:00;2026-06-10 14:12:00;1930;LTE AT - LTE Austria GmbH;IN_REPORT;IN_REPORT;POTENTIAL_COLD_STAND;Standzeit ueber 8 Stunden am selben Ort. Fachlich als moegliche kalte Abstellung pruefen.;raw_locomotivemovement;8652
RUN_20260621_191259;91806193959-4;454964;454967;Neuss Gbf;2026-06-03 02:30:00;2026-06-04 10:00:00;1890;Rheincargo NEUSS;IN_REPORT;IN_REPORT;POTENTIAL_COLD_STAND;Standzeit ueber 8 Stunden am selben Ort. Fachlich als moegliche kalte Abstellung pruefen.;raw_locomotivemovement;18884
RUN_20260621_191259;91807193805-7;458909;461550;Basel Bad Rbf;2026-06-16 19:25:00;2026-06-18 02:10:00;1845;LTE DE - LTE Germany GmbH;IN_REPORT;IN_REPORT;POTENTIAL_COLD_STAND;Standzeit ueber 8 Stunden am selben Ort. Fachlich als moegliche kalte Abstellung pruefen.;raw_locomotivemovement;9076
RUN_20260621_191259;91806193013-0;457779;458865;Aachen West;2026-06-07 17:15:00;2026-06-08 23:55:00;1840;LTE DE - LTE Germany GmbH;IN_REPORT;IN_REPORT;POTENTIAL_COLD_STAND;Standzeit ueber 8 Stunden am selben Ort. Fachlich als moegliche kalte Abstellung pruefen.;raw_locomotivemovement;5573
RUN_20260621_191259;91806185680-6;457145;456488;Ingolstadt Hbf;2026-06-04 19:45:00;2026-06-06 02:15:00;1830;LTE DE - LTE Germany GmbH;IN_REPORT;IN_REPORT;POTENTIAL_COLD_STAND;Standzeit ueber 8 Stunden am selben Ort. Fachlich als moegliche kalte Abstellung pruefen.;raw_locomotivemovement;3942
RUN_20260621_191259;91806193829-9;460219;455158;Rheinhausen;2026-06-14 15:39:00;2026-06-15 22:08:00;1829;LTE NL - LTE Netherlands B.V.;IN_REPORT;IN_REPORT;POTENTIAL_COLD_STAND;Standzeit ueber 8 Stunden am selben Ort. Fachlich als moegliche kalte Abstellung pruefen.;raw_locomotivemovement;4694
RUN_20260621_191259;91806193266-4;456609;458305;Passau Gbf;2026-05-29 19:17:00;2026-05-31 01:23:00;1806;LTE AT - LTE Austria GmbH;IN_REPORT;IN_REPORT;POTENTIAL_COLD_STAND;Standzeit ueber 8 Stunden am selben Ort. Fachlich als moegliche kalte Abstellung pruefen.;raw_locomotivemovement;9407
RUN_20260621_191259;91806193262-3;455286;452320;Hamburg Hohe Schaar;2026-06-01 03:25:00;2026-06-02 08:00:00;1715;LTE NL - LTE Netherlands B.V.;IN_REPORT;IN_REPORT;POTENTIAL_COLD_STAND;Standzeit ueber 8 Stunden am selben Ort. Fachlich als moegliche kalte Abstellung pruefen.;raw_locomotivemovement;7182
RUN_20260621_191259;91807193805-7;457508;457504;Basel Bad Rbf;2026-06-03 23:43:00;2026-06-05 03:13:00;1650;LTE CH - LTE Schweiz GmbH;IN_REPORT;IN_REPORT;POTENTIAL_COLD_STAND;Standzeit ueber 8 Stunden am selben Ort. Fachlich als moegliche kalte Abstellung pruefen.;raw_locomotivemovement;17714
RUN_20260621_191259;91806186944-5;454656;455147;Duisburg-Ruhrort Hafen;2026-06-14 21:38:00;2026-06-16 00:40:00;1622;LTE NL - LTE Netherlands B.V.;IN_REPORT;IN_REPORT;POTENTIAL_COLD_STAND;Standzeit ueber 8 Stunden am selben Ort. Fachlich als moegliche kalte Abstellung pruefen.;raw_locomotivemovement;8784
RUN_20260621_191259;90802159259-1;457690;457887;Bernburg;2026-06-13 07:00:00;2026-06-14 09:00:00;1560;LTE DE - LTE Germany GmbH;IN_REPORT;IN_REPORT;POTENTIAL_COLD_STAND;Standzeit ueber 8 Stunden am selben Ort. Fachlich als moegliche kalte Abstellung pruefen.;raw_locomotivemovement;20580
RUN_20260621_191259;91806193299-5;457507;457509;Basel Bad Rbf;2026-06-11 01:12:00;2026-06-12 03:06:00;1554;LTE CH - LTE Schweiz GmbH;IN_REPORT;IN_REPORT;POTENTIAL_COLD_STAND;Standzeit ueber 8 Stunden am selben Ort. Fachlich als moegliche kalte Abstellung pruefen.;raw_locomotivemovement;6844
RUN_20260621_191259;90802159259-1;459204;457909;Bernburg;2026-06-06 07:55:00;2026-06-07 09:00:00;1505;LTE DE - LTE Germany GmbH;IN_REPORT;IN_REPORT;POTENTIAL_COLD_STAND;Standzeit ueber 8 Stunden am selben Ort. Fachlich als moegliche kalte Abstellung pruefen.;raw_locomotivemovement;7232
RUN_20260621_191259;92812016903-4;457665;457293;Sand (Niederbay) Hafen;2026-06-05 07:15:00;2026-06-06 08:17:00;1502;LTE DE - LTE Germany GmbH;IN_REPORT;IN_REPORT;POTENTIAL_COLD_STAND;Standzeit ueber 8 Stunden am selben Ort. Fachlich als moegliche kalte Abstellung pruefen.;raw_locomotivemovement;16926
RUN_20260621_191259;91806185221-9;457775;457803;Aachen West;2026-06-05 22:33:00;2026-06-06 23:27:00;1494;LTE DE - LTE Germany GmbH;IN_REPORT;IN_REPORT;POTENTIAL_COLD_STAND;Standzeit ueber 8 Stunden am selben Ort. Fachlich als moegliche kalte Abstellung pruefen.;raw_locomotivemovement;459
RUN_20260621_191259;91806193013-0;456428;458311;Bochum-Langendreer Lgf;2026-05-29 21:09:00;2026-05-30 22:00:00;1491;LTE DE - LTE Germany GmbH;IN_REPORT;IN_REPORT;POTENTIAL_COLD_STAND;Standzeit ueber 8 Stunden am selben Ort. Fachlich als moegliche kalte Abstellung pruefen.;raw_locomotivemovement;19464
RUN_20260621_191259;91806185255-7;456417;456423;Wanne-Eickel Hbf;2026-05-26 22:16:00;2026-05-27 23:00:00;1484;LTE DE - LTE Germany GmbH;IN_REPORT;IN_REPORT;POTENTIAL_COLD_STAND;Standzeit ueber 8 Stunden am selben Ort. Fachlich als moegliche kalte Abstellung pruefen.;raw_locomotivemovement;14174
RUN_20260621_191259;91806192999-1;458875;458556;Osnabrück Hbf;2026-06-10 08:09:00;2026-06-11 08:40:00;1471;LTE DE - LTE Germany GmbH;IN_REPORT;IN_REPORT;POTENTIAL_COLD_STAND;Standzeit ueber 8 Stunden am selben Ort. Fachlich als moegliche kalte Abstellung pruefen.;raw_locomotivemovement;8475
RUN_20260621_191259;92812016903-4;456950;451234;Sand (Niederbay) Hafen;2026-05-29 08:15:00;2026-05-30 08:23:00;1448;LTE DE - LTE Germany GmbH;IN_REPORT;IN_REPORT;POTENTIAL_COLD_STAND;Standzeit ueber 8 Stunden am selben Ort. Fachlich als moegliche kalte Abstellung pruefen.;raw_locomotivemovement;8278
RUN_20260621_191259;91807193886-7;453538;453557;Braunschweig Rbf;2026-06-13 16:20:00;2026-06-14 16:16:00;1436;LTE DE - LTE Germany GmbH;IN_REPORT;IN_REPORT;POTENTIAL_COLD_STAND;Standzeit ueber 8 Stunden am selben Ort. Fachlich als moegliche kalte Abstellung pruefen.;raw_locomotivemovement;9040
RUN_20260621_191259;91806185243-3;459743;459729;Wanne-Eickel Hbf;2026-06-17 23:08:00;2026-06-18 23:00:00;1432;LTE DE - LTE Germany GmbH;IN_REPORT;IN_REPORT;POTENTIAL_COLD_STAND;Standzeit ueber 8 Stunden am selben Ort. Fachlich als moegliche kalte Abstellung pruefen.;raw_locomotivemovement;6832
RUN_20260621_191259;91806193625-1;457628;458248;Krefeld-Linn;2026-05-29 15:50:00;2026-05-30 15:30:00;1420;LTE DE - LTE Germany GmbH;IN_REPORT;IN_REPORT;POTENTIAL_COLD_STAND;Standzeit ueber 8 Stunden am selben Ort. Fachlich als moegliche kalte Abstellung pruefen.;raw_locomotivemovement;15020
RUN_20260621_191259;91806193386-0;457774;457802;Aachen West;2026-06-04 23:20:00;2026-06-05 22:37:00;1397;LTE DE - LTE Germany GmbH;IN_REPORT;IN_REPORT;POTENTIAL_COLD_STAND;Standzeit ueber 8 Stunden am selben Ort. Fachlich als moegliche kalte Abstellung pruefen.;raw_locomotivemovement;19560
RUN_20260621_191259;91887186221-8;454532;454463;Neuss Gbf;2026-06-04 21:57:00;2026-06-05 21:03:00;1386;LTE NL - LTE Netherlands B.V.;IN_REPORT;IN_REPORT;POTENTIAL_COLD_STAND;Standzeit ueber 8 Stunden am selben Ort. Fachlich als moegliche kalte Abstellung pruefen.;raw_locomotivemovement;16484
RUN_20260621_191259;91806192999-1;458557;456500;Osnabrück Hbf;2026-06-12 10:59:00;2026-06-13 10:00:00;1381;LTE DE - LTE Germany GmbH;IN_REPORT;IN_REPORT;POTENTIAL_COLD_STAND;Standzeit ueber 8 Stunden am selben Ort. Fachlich als moegliche kalte Abstellung pruefen.;raw_locomotivemovement;18445
RUN_20260621_191259;91806186943-7;458977;458943;Rheinhausen;2026-06-18 23:15:00;2026-06-19 21:30:00;1335;LTE DE - LTE Germany GmbH;IN_REPORT;IN_REPORT;POTENTIAL_COLD_STAND;Standzeit ueber 8 Stunden am selben Ort. Fachlich als moegliche kalte Abstellung pruefen.;raw_locomotivemovement;21379
RUN_20260621_191259;91806193868-7;457780;457801;Aachen West;2026-06-03 14:10:00;2026-06-04 12:15:00;1325;LTE DE - LTE Germany GmbH;IN_REPORT;IN_REPORT;POTENTIAL_COLD_STAND;Standzeit ueber 8 Stunden am selben Ort. Fachlich als moegliche kalte Abstellung pruefen.;raw_locomotivemovement;14620
RUN_20260621_191259;91806193604-6;457713;457979;Passau Gbf;2026-06-04 21:53:00;2026-06-05 19:48:00;1315;LTE AT - LTE Austria GmbH;IN_REPORT;IN_REPORT;POTENTIAL_COLD_STAND;Standzeit ueber 8 Stunden am selben Ort. Fachlich als moegliche kalte Abstellung pruefen.;raw_locomotivemovement;3115
RUN_20260621_191259;91515370178-3;453083;453118;Duisburg-Ruhrort Hafen;2026-05-29 13:15:00;2026-05-30 10:49:00;1294;Duisport Rail GmbH;IN_REPORT;IN_REPORT;POTENTIAL_COLD_STAND;Standzeit ueber 8 Stunden am selben Ort. Fachlich als moegliche kalte Abstellung pruefen.;raw_locomotivemovement;12931
RUN_20260621_191259;91806186943-7;458942;458980;Rheinhausen;2026-06-14 19:11:00;2026-06-15 16:00:00;1249;LTE DE - LTE Germany GmbH;IN_REPORT;IN_REPORT;POTENTIAL_COLD_STAND;Standzeit ueber 8 Stunden am selben Ort. Fachlich als moegliche kalte Abstellung pruefen.;raw_locomotivemovement;15394
RUN_20260621_191259;92812016904-2;457669;457295;Sand (Niederbay) Hafen;2026-06-12 09:30:00;2026-06-13 06:00:00;1230;LTE DE - LTE Germany GmbH;IN_REPORT;IN_REPORT;POTENTIAL_COLD_STAND;Standzeit ueber 8 Stunden am selben Ort. Fachlich als moegliche kalte Abstellung pruefen.;raw_locomotivemovement;3100
RUN_20260621_191259;91806185294-6;459737;459728;Aachen West;2026-06-17 02:21:00;2026-06-17 22:49:00;1228;LTE DE - LTE Germany GmbH;IN_REPORT;IN_REPORT;POTENTIAL_COLD_STAND;Standzeit ueber 8 Stunden am selben Ort. Fachlich als moegliche kalte Abstellung pruefen.;raw_locomotivemovement;2709
RUN_20260621_191259;91806189201-7;454692;454622;Neuss Gbf;2026-06-12 00:50:00;2026-06-12 20:29:00;1179;LTE NL - LTE Netherlands B.V.;IN_REPORT;IN_REPORT;POTENTIAL_COLD_STAND;Standzeit ueber 8 Stunden am selben Ort. Fachlich als moegliche kalte Abstellung pruefen.;raw_locomotivemovement;3428
RUN_20260621_191259;90802159256-7;455291;456608;Passau Gbf;2026-05-25 12:05:00;2026-05-26 07:25:00;1160;RTB CARGO GmbH;IN_REPORT;IN_REPORT;POTENTIAL_COLD_STAND;Standzeit ueber 8 Stunden am selben Ort. Fachlich als moegliche kalte Abstellung pruefen.;raw_locomotivemovement;5414
RUN_20260621_191259;90802159259-1;454793;455238;Bernburg;2026-05-25 03:33:00;2026-05-25 22:45:00;1152;LTE DE - LTE Germany GmbH;IN_REPORT;IN_REPORT;POTENTIAL_COLD_STAND;Standzeit ueber 8 Stunden am selben Ort. Fachlich als moegliche kalte Abstellung pruefen.;raw_locomotivemovement;9253
RUN_20260621_191259;91806193968-5;458629;457676;Passau Gbf;2026-06-02 23:43:00;2026-06-03 18:47:00;1144;LTE AT - LTE Austria GmbH;IN_REPORT;IN_REPORT;POTENTIAL_COLD_STAND;Standzeit ueber 8 Stunden am selben Ort. Fachlich als moegliche kalte Abstellung pruefen.;raw_locomotivemovement;6550
RUN_20260621_191259;91811286940-2;454698;454664;Mannheim Rbf Gr K/Kn;2026-06-10 06:08:00;2026-06-11 00:58:00;1130;LTE NL - LTE Netherlands B.V.;IN_REPORT;IN_REPORT;POTENTIAL_COLD_STAND;Standzeit ueber 8 Stunden am selben Ort. Fachlich als moegliche kalte Abstellung pruefen.;raw_locomotivemovement;11434
RUN_20260621_191259;91806193450-4;454426;454549;Rheinhausen;2026-06-03 05:00:00;2026-06-03 23:41:00;1121;LTE NL - LTE Netherlands B.V.;IN_REPORT;IN_REPORT;POTENTIAL_COLD_STAND;Standzeit ueber 8 Stunden am selben Ort. Fachlich als moegliche kalte Abstellung pruefen.;raw_locomotivemovement;6113
RUN_20260621_191259;91806189803-0;449612;449626;Krefeld-Linn;2026-05-28 06:08:00;2026-05-29 00:10:00;1082;LTE DE - LTE Germany GmbH;IN_REPORT;IN_REPORT;POTENTIAL_COLD_STAND;Standzeit ueber 8 Stunden am selben Ort. Fachlich als moegliche kalte Abstellung pruefen.;raw_locomotivemovement;5578
RUN_20260621_191259;91807193907-1;456612;458951;Saarbrücken Rbf;2026-06-03 17:16:00;2026-06-04 11:15:00;1079;LTE DE - LTE Germany GmbH;IN_REPORT;IN_REPORT;POTENTIAL_COLD_STAND;Standzeit ueber 8 Stunden am selben Ort. Fachlich als moegliche kalte Abstellung pruefen.;raw_locomotivemovement;20153
RUN_20260621_191259;90802159259-1;457219;454792;Bernburg;2026-05-23 14:48:00;2026-05-24 08:30:00;1062;LTE DE - LTE Germany GmbH;IN_REPORT;IN_REPORT;POTENTIAL_COLD_STAND;Standzeit ueber 8 Stunden am selben Ort. Fachlich als moegliche kalte Abstellung pruefen.;raw_locomotivemovement;11603
RUN_20260621_191259;91515370164-3;454496;454700;Duisburg-Ruhrort Hafen;2026-06-08 22:45:00;2026-06-09 16:20:00;1055;Duisport Rail GmbH;IN_REPORT;IN_REPORT;POTENTIAL_COLD_STAND;Standzeit ueber 8 Stunden am selben Ort. Fachlich als moegliche kalte Abstellung pruefen.;raw_locomotivemovement;19824
RUN_20260621_191259;91806193563-4;457414;459741;Aachen West;2026-06-15 05:35:00;2026-06-15 22:54:00;1039;LTE DE - LTE Germany GmbH;IN_REPORT;IN_REPORT;POTENTIAL_COLD_STAND;Standzeit ueber 8 Stunden am selben Ort. Fachlich als moegliche kalte Abstellung pruefen.;raw_locomotivemovement;8954
RUN_20260621_191259;91806193962-8;454585;454710;Rheinhausen;2026-06-12 05:36:00;2026-06-12 22:49:00;1033;LTE NL - LTE Netherlands B.V.;IN_REPORT;IN_REPORT;POTENTIAL_COLD_STAND;Standzeit ueber 8 Stunden am selben Ort. Fachlich als moegliche kalte Abstellung pruefen.;raw_locomotivemovement;7706
RUN_20260621_191259;91806189205-8;455797;456254;Rheinhausen;2026-06-02 03:17:00;2026-06-02 20:28:00;1031;LTE DE - LTE Germany GmbH;IN_REPORT;IN_REPORT;POTENTIAL_COLD_STAND;Standzeit ueber 8 Stunden am selben Ort. Fachlich als moegliche kalte Abstellung pruefen.;raw_locomotivemovement;14145
RUN_20260621_191259;91806185255-7;456426;457707;Wanne-Eickel Hbf;2026-06-01 23:40:00;2026-06-02 16:43:00;1023;LTE DE - LTE Germany GmbH;IN_REPORT;IN_REPORT;POTENTIAL_COLD_STAND;Standzeit ueber 8 Stunden am selben Ort. Fachlich als moegliche kalte Abstellung pruefen.;raw_locomotivemovement;8374
RUN_20260621_191259;90802159256-7;451231;455290;Passau Gbf;2026-05-23 13:12:00;2026-05-24 06:09:00;1017;LTE DE - LTE Germany GmbH;IN_REPORT;IN_REPORT;POTENTIAL_COLD_STAND;Standzeit ueber 8 Stunden am selben Ort. Fachlich als moegliche kalte Abstellung pruefen.;raw_locomotivemovement;12092
RUN_20260621_191259;90802159259-1;455216;457880;Bernburg;2026-06-01 05:51:00;2026-06-01 22:45:00;1014;LTE DE - LTE Germany GmbH;IN_REPORT;IN_REPORT;POTENTIAL_COLD_STAND;Standzeit ueber 8 Stunden am selben Ort. Fachlich als moegliche kalte Abstellung pruefen.;raw_locomotivemovement;14096
RUN_20260621_191259;91806185214-4;447456;456754;Aachen West;2026-05-27 07:45:00;2026-05-28 00:24:00;999;LTE DE - LTE Germany GmbH;IN_REPORT;IN_REPORT;POTENTIAL_COLD_STAND;Standzeit ueber 8 Stunden am selben Ort. Fachlich als moegliche kalte Abstellung pruefen.;raw_locomotivemovement;9422
RUN_20260621_191259;91806193262-3;454416;454406;Ludwigshafen (Rhein) BASF Ubf;2026-06-06 06:53:00;2026-06-06 23:30:00;997;LTE NL - LTE Netherlands B.V.;IN_REPORT;IN_REPORT;POTENTIAL_COLD_STAND;Standzeit ueber 8 Stunden am selben Ort. Fachlich als moegliche kalte Abstellung pruefen.;raw_locomotivemovement;11263
RUN_20260621_191259;91806193868-7;457417;457397;Aachen West;2026-06-14 20:08:00;2026-06-15 12:40:00;992;LTE DE - LTE Germany GmbH;IN_REPORT;IN_REPORT;POTENTIAL_COLD_STAND;Standzeit ueber 8 Stunden am selben Ort. Fachlich als moegliche kalte Abstellung pruefen.;raw_locomotivemovement;12257
RUN_20260621_191259;91806193450-4;454586;454709;Rheinhausen;2026-06-10 05:00:00;2026-06-10 21:23:00;983;LTE NL - LTE Netherlands B.V.;IN_REPORT;IN_REPORT;POTENTIAL_COLD_STAND;Standzeit ueber 8 Stunden am selben Ort. Fachlich als moegliche kalte Abstellung pruefen.;raw_locomotivemovement;82
RUN_20260621_191259;91806193957-8;457938;456875;Passau Gbf;2026-06-06 00:30:00;2026-06-06 16:42:00;972;Rail & Sea Traction GmbH;IN_REPORT;IN_REPORT;POTENTIAL_COLD_STAND;Standzeit ueber 8 Stunden am selben Ort. Fachlich als moegliche kalte Abstellung pruefen.;raw_locomotivemovement;12992
RUN_20260621_191259;91806189205-8;455907;455908;Rheinhausen;2026-05-27 09:45:00;2026-05-28 01:51:00;966;LTE DE - LTE Germany GmbH;IN_REPORT;IN_REPORT;POTENTIAL_COLD_STAND;Standzeit ueber 8 Stunden am selben Ort. Fachlich als moegliche kalte Abstellung pruefen.;raw_locomotivemovement;4359
RUN_20260621_191259;91515370068-6;460516;453549;Aachen West;2026-06-16 18:12:00;2026-06-17 10:17:00;965;LTE DE - LTE Germany GmbH;IN_REPORT;IN_REPORT;POTENTIAL_COLD_STAND;Standzeit ueber 8 Stunden am selben Ort. Fachlich als moegliche kalte Abstellung pruefen.;raw_locomotivemovement;3565
RUN_20260621_191259;91806193262-3;450593;450583;Ludwigshafen (Rhein) BASF Ubf;2026-05-30 07:33:00;2026-05-30 23:30:00;957;LTE NL - LTE Netherlands B.V.;IN_REPORT;IN_REPORT;POTENTIAL_COLD_STAND;Standzeit ueber 8 Stunden am selben Ort. Fachlich als moegliche kalte Abstellung pruefen.;raw_locomotivemovement;6040
RUN_20260621_191259;91887186221-8;454577;454568;Ludwigshafen (Rhein) BASF Ubf;2026-06-11 08:50:00;2026-06-12 00:45:00;955;LTE NL - LTE Netherlands B.V.;IN_REPORT;IN_REPORT;POTENTIAL_COLD_STAND;Standzeit ueber 8 Stunden am selben Ort. Fachlich als moegliche kalte Abstellung pruefen.;raw_locomotivemovement;4330
RUN_20260621_191259;91806193697-0;453976;460225;Bamberg;2026-06-14 05:45:00;2026-06-14 21:30:00;945;LTE DE - LTE Germany GmbH;IN_REPORT;IN_REPORT;POTENTIAL_COLD_STAND;Standzeit ueber 8 Stunden am selben Ort. Fachlich als moegliche kalte Abstellung pruefen.;raw_locomotivemovement;8085
RUN_20260621_191259;91806193754-9;453976;460225;Bamberg;2026-06-14 05:45:00;2026-06-14 21:30:00;945;LTE DE - LTE Germany GmbH;IN_REPORT;IN_REPORT;POTENTIAL_COLD_STAND;Standzeit ueber 8 Stunden am selben Ort. Fachlich als moegliche kalte Abstellung pruefen.;raw_locomotivemovement;8078
RUN_20260621_191259;91887186221-8;454693;454621;Neuss Gbf;2026-06-09 13:14:00;2026-06-10 04:55:00;941;LTE NL - LTE Netherlands B.V.;IN_REPORT;IN_REPORT;POTENTIAL_COLD_STAND;Standzeit ueber 8 Stunden am selben Ort. Fachlich als moegliche kalte Abstellung pruefen.;raw_locomotivemovement;6988
RUN_20260621_191259;90802019402-7;454782;455237;Baalberge;2026-05-26 19:21:00;2026-05-27 11:00:00;939;LTE DE - LTE Germany GmbH;IN_REPORT;IN_REPORT;POTENTIAL_COLD_STAND;Standzeit ueber 8 Stunden am selben Ort. Fachlich als moegliche kalte Abstellung pruefen.;raw_locomotivemovement;14137
RUN_20260621_191259;91806193450-4;450603;450724;Rheinhausen;2026-05-27 07:40:00;2026-05-27 23:11:00;931;LTE NL - LTE Netherlands B.V.;IN_REPORT;IN_REPORT;POTENTIAL_COLD_STAND;Standzeit ueber 8 Stunden am selben Ort. Fachlich als moegliche kalte Abstellung pruefen.;raw_locomotivemovement;3767
RUN_20260621_191259;91806193627-7;457090;457083;Krefeld-Linn;2026-06-18 08:30:00;2026-06-19 00:00:00;930;LTE DE - LTE Germany GmbH;IN_REPORT;IN_REPORT;POTENTIAL_COLD_STAND;Standzeit ueber 8 Stunden am selben Ort. Fachlich als moegliche kalte Abstellung pruefen.;raw_locomotivemovement;801
RUN_20260621_191259;91806185680-6;456509;456498;Osnabrück Hbf;2026-06-09 20:23:00;2026-06-10 11:45:00;922;LTE DE - LTE Germany GmbH;IN_REPORT;IN_REPORT;POTENTIAL_COLD_STAND;Standzeit ueber 8 Stunden am selben Ort. Fachlich als moegliche kalte Abstellung pruefen.;raw_locomotivemovement;7165
RUN_20260621_191259;91806193266-4;458903;453092;Passau Gbf;2026-06-12 10:20:00;2026-06-13 01:34:00;914;LTE AT - LTE Austria GmbH;IN_REPORT;IN_REPORT;POTENTIAL_COLD_STAND;Standzeit ueber 8 Stunden am selben Ort. Fachlich als moegliche kalte Abstellung pruefen.;raw_locomotivemovement;2692
RUN_20260621_191259;91806193854-7;457937;457938;Spreewitz;2026-06-04 20:03:00;2026-06-05 10:55:00;892;Rail & Sea Traction GmbH;IN_REPORT;IN_REPORT;POTENTIAL_COLD_STAND;Standzeit ueber 8 Stunden am selben Ort. Fachlich als moegliche kalte Abstellung pruefen.;raw_locomotivemovement;19213
RUN_20260621_191259;91806193957-8;457937;457938;Spreewitz;2026-06-04 20:03:00;2026-06-05 10:55:00;892;Rail & Sea Traction GmbH;IN_REPORT;IN_REPORT;POTENTIAL_COLD_STAND;Standzeit ueber 8 Stunden am selben Ort. Fachlich als moegliche kalte Abstellung pruefen.;raw_locomotivemovement;19230
RUN_20260621_191259;91806192999-1;458740;458746;Ingolstadt Hbf;2026-06-19 05:15:00;2026-06-19 20:00:00;885;LTE DE - LTE Germany GmbH;IN_REPORT;IN_REPORT;POTENTIAL_COLD_STAND;Standzeit ueber 8 Stunden am selben Ort. Fachlich als moegliche kalte Abstellung pruefen.;raw_locomotivemovement;2650
RUN_20260621_191259;91806193944-6;459045;454967;Neuss Gbf;2026-06-05 07:34:00;2026-06-05 22:15:00;881;LTE NL - LTE Netherlands B.V.;IN_REPORT;IN_REPORT;POTENTIAL_COLD_STAND;Standzeit ueber 8 Stunden am selben Ort. Fachlich als moegliche kalte Abstellung pruefen.;raw_locomotivemovement;8407
RUN_20260621_191259;90802159259-1;459433;460415;Eisenach Gbf;2026-06-15 05:00:00;2026-06-15 19:25:00;865;LTE DE - LTE Germany GmbH;IN_REPORT;IN_REPORT;POTENTIAL_COLD_STAND;Standzeit ueber 8 Stunden am selben Ort. Fachlich als moegliche kalte Abstellung pruefen.;raw_locomotivemovement;18142
RUN_20260621_191259;91806193260-7;456983;461572;Achern (F);2026-06-17 22:28:00;2026-06-18 12:50:00;862;LTE NL - LTE Netherlands B.V.;IN_REPORT;IN_REPORT;POTENTIAL_COLD_STAND;Standzeit ueber 8 Stunden am selben Ort. Fachlich als moegliche kalte Abstellung pruefen.;raw_locomotivemovement;11272
RUN_20260621_191259;91887186221-8;454420;454421;Ludwigshafen (Rhein) Hbf tief;2026-06-03 06:45:00;2026-06-03 21:07:00;862;LTE NL - LTE Netherlands B.V.;IN_REPORT;IN_REPORT;POTENTIAL_COLD_STAND;Standzeit ueber 8 Stunden am selben Ort. Fachlich als moegliche kalte Abstellung pruefen.;raw_locomotivemovement;415
RUN_20260621_191259;91806193266-4;456784;456745;Passau Gbf;2026-05-26 13:40:00;2026-05-27 03:59:00;859;LTE AT - LTE Austria GmbH;IN_REPORT;IN_REPORT;POTENTIAL_COLD_STAND;Standzeit ueber 8 Stunden am selben Ort. Fachlich als moegliche kalte Abstellung pruefen.;raw_locomotivemovement;11564
RUN_20260621_191259;91806193450-4;455036;455159;Rheinhausen;2026-06-17 08:14:00;2026-06-17 22:09:00;835;LTE NL - LTE Netherlands B.V.;IN_REPORT;IN_REPORT;POTENTIAL_COLD_STAND;Standzeit ueber 8 Stunden am selben Ort. Fachlich als moegliche kalte Abstellung pruefen.;raw_locomotivemovement;19092
RUN_20260621_191259;91806186942-9;455140;455068;Neuss Gbf;2026-06-16 16:57:00;2026-06-17 06:51:00;834;LTE NL - LTE Netherlands B.V.;IN_REPORT;IN_REPORT;POTENTIAL_COLD_STAND;Standzeit ueber 8 Stunden am selben Ort. Fachlich als moegliche kalte Abstellung pruefen.;raw_locomotivemovement;20357
RUN_20260621_191259;91806193637-6;456618;456619;Saarbrücken Rbf;2026-06-10 18:01:00;2026-06-11 07:54:00;833;LTE DE - LTE Germany GmbH;IN_REPORT;IN_REPORT;POTENTIAL_COLD_STAND;Standzeit ueber 8 Stunden am selben Ort. Fachlich als moegliche kalte Abstellung pruefen.;raw_locomotivemovement;20947
RUN_20260621_191259;91806193856-2;458706;458826;Freilassing;2026-06-14 03:31:00;2026-06-14 17:22:00;831;LTE AT - LTE Austria GmbH;IN_REPORT;IN_REPORT;POTENTIAL_COLD_STAND;Standzeit ueber 8 Stunden am selben Ort. Fachlich als moegliche kalte Abstellung pruefen.;raw_locomotivemovement;558
RUN_20260621_191259;91806193622-8;457714;458884;Drentwede;2026-06-12 17:37:00;2026-06-13 07:08:00;811;LTE NL - LTE Netherlands B.V.;IN_REPORT;IN_REPORT;POTENTIAL_COLD_STAND;Standzeit ueber 8 Stunden am selben Ort. Fachlich als moegliche kalte Abstellung pruefen.;raw_locomotivemovement;19740
RUN_20260621_191259;91806193803-4;458753;458741;Osnabrück Hbf;2026-06-18 22:30:00;2026-06-19 11:55:00;805;LTE DE - LTE Germany GmbH;IN_REPORT;IN_REPORT;POTENTIAL_COLD_STAND;Standzeit ueber 8 Stunden am selben Ort. Fachlich als moegliche kalte Abstellung pruefen.;raw_locomotivemovement;19546
RUN_20260621_191259;91806186941-1;451887;451895;Ludwigshafen (Rhein) BASF Ubf;2026-06-03 03:15:00;2026-06-03 16:33:00;798;LTE NL - LTE Netherlands B.V.;IN_REPORT;IN_REPORT;POTENTIAL_COLD_STAND;Standzeit ueber 8 Stunden am selben Ort. Fachlich als moegliche kalte Abstellung pruefen.;raw_locomotivemovement;20117
RUN_20260621_191259;91806192999-1;458743;458731;Ingolstadt Hbf;2026-06-17 06:00:00;2026-06-17 18:48:00;768;LTE DE - LTE Germany GmbH;IN_REPORT;IN_REPORT;POTENTIAL_COLD_STAND;Standzeit ueber 8 Stunden am selben Ort. Fachlich als moegliche kalte Abstellung pruefen.;raw_locomotivemovement;6425
RUN_20260621_191259;91806193805-9;457207;457208;Dormagen;2026-05-23 21:11:00;2026-05-24 09:57:00;766;LTE DE - LTE Germany GmbH;IN_REPORT;IN_REPORT;POTENTIAL_COLD_STAND;Standzeit ueber 8 Stunden am selben Ort. Fachlich als moegliche kalte Abstellung pruefen.;raw_locomotivemovement;181
RUN_20260621_191259;91806185680-6;456502;456503;Osnabrück Hbf;2026-06-11 23:15:00;2026-06-12 11:55:00;760;LTE DE - LTE Germany GmbH;IN_REPORT;IN_REPORT;POTENTIAL_COLD_STAND;Standzeit ueber 8 Stunden am selben Ort. Fachlich als moegliche kalte Abstellung pruefen.;raw_locomotivemovement;21074
RUN_20260621_191259;91806185346-4;457401;458812;Wanne-Eickel Hbf;2026-06-11 03:26:00;2026-06-11 16:01:00;755;LTE DE - LTE Germany GmbH;IN_REPORT;IN_REPORT;POTENTIAL_COLD_STAND;Standzeit ueber 8 Stunden am selben Ort. Fachlich als moegliche kalte Abstellung pruefen.;raw_locomotivemovement;14999
RUN_20260621_191259;91806192999-1;458562;458563;Bremerhaven-Lehe Abstellbahnhof;2026-06-11 17:40:00;2026-06-12 06:15:00;755;LTE DE - LTE Germany GmbH;IN_REPORT;IN_REPORT;POTENTIAL_COLD_STAND;Standzeit ueber 8 Stunden am selben Ort. Fachlich als moegliche kalte Abstellung pruefen.;raw_locomotivemovement;20634
RUN_20260621_191259;91806192999-1;458876;458877;Bremerhaven-Lehe Abstellbahnhof;2026-06-09 14:50:00;2026-06-10 02:55:00;725;LTE DE - LTE Germany GmbH;IN_REPORT;IN_REPORT;POTENTIAL_COLD_STAND;Standzeit ueber 8 Stunden am selben Ort. Fachlich als moegliche kalte Abstellung pruefen.;raw_locomotivemovement;14216
RUN_20260621_191259;91806186941-1;457444;457435;Ludwigshafen (Rhein) BASF Ubf;2026-06-19 06:00:00;2026-06-19 18:04:00;724;LTE NL - LTE Netherlands B.V.;IN_REPORT;IN_REPORT;POTENTIAL_COLD_STAND;Standzeit ueber 8 Stunden am selben Ort. Fachlich als moegliche kalte Abstellung pruefen.;raw_locomotivemovement;352
RUN_20260621_191259;91806193962-8;451503;458252;Lehrte;2026-06-01 02:30:00;2026-06-01 14:33:00;723;LTE NL - LTE Netherlands B.V.;IN_REPORT;IN_REPORT;POTENTIAL_COLD_STAND;Standzeit ueber 8 Stunden am selben Ort. Fachlich als moegliche kalte Abstellung pruefen.;raw_locomotivemovement;14529
RUN_20260621_191259;91806193805-9;454273;454274;Neuss Hessentor;2026-06-14 10:00:00;2026-06-14 22:00:00;720;LTE DE - LTE Germany GmbH;IN_REPORT;IN_REPORT;POTENTIAL_COLD_STAND;Standzeit ueber 8 Stunden am selben Ort. Fachlich als moegliche kalte Abstellung pruefen.;raw_locomotivemovement;15469
RUN_20260621_191259;91806185346-4;456890;449062;Neuss Gbf;2026-06-05 23:12:00;2026-06-06 11:00:00;708;LTE DE - LTE Germany GmbH;IN_REPORT;IN_REPORT;POTENTIAL_COLD_STAND;Standzeit ueber 8 Stunden am selben Ort. Fachlich als moegliche kalte Abstellung pruefen.;raw_locomotivemovement;20674
RUN_20260621_191259;91807193230-8;456860;451124;Gladbeck West;2026-05-25 07:04:00;2026-05-25 18:48:00;704;LTE DE - LTE Germany GmbH;IN_REPORT;IN_REPORT;POTENTIAL_COLD_STAND;Standzeit ueber 8 Stunden am selben Ort. Fachlich als moegliche kalte Abstellung pruefen.;raw_locomotivemovement;20567
RUN_20260621_191259;91806193272-2;453944;453947;Saarbrücken Rbf;2026-05-25 03:19:00;2026-05-25 15:00:00;701;LTE DE - LTE Germany GmbH;IN_REPORT;IN_REPORT;POTENTIAL_COLD_STAND;Standzeit ueber 8 Stunden am selben Ort. Fachlich als moegliche kalte Abstellung pruefen.;raw_locomotivemovement;12075
RUN_20260621_191259;91806186942-9;454694;455067;Neuss Gbf;2026-06-15 09:58:00;2026-06-15 21:33:00;695;LTE NL - LTE Netherlands B.V.;IN_REPORT;IN_REPORT;POTENTIAL_COLD_STAND;Standzeit ueber 8 Stunden am selben Ort. Fachlich als moegliche kalte Abstellung pruefen.;raw_locomotivemovement;20513
RUN_20260621_191259;91806193959-4;455798;455800;Rheinhausen;2026-05-30 11:30:00;2026-05-30 23:05:00;695;LTE DE - LTE Germany GmbH;IN_REPORT;IN_REPORT;POTENTIAL_COLD_STAND;Standzeit ueber 8 Stunden am selben Ort. Fachlich als moegliche kalte Abstellung pruefen.;raw_locomotivemovement;2048
RUN_20260621_191259;91806186941-1;457436;457446;Ludwigshafen (Rhein) BASF Ubf;2026-06-10 04:00:00;2026-06-10 15:28:00;688;LTE NL - LTE Netherlands B.V.;IN_REPORT;IN_REPORT;POTENTIAL_COLD_STAND;Standzeit ueber 8 Stunden am selben Ort. Fachlich als moegliche kalte Abstellung pruefen.;raw_locomotivemovement;13700
RUN_20260621_191259;91806186942-9;450592;450581;Ludwigshafen (Rhein) BASF Ubf;2026-05-29 09:04:00;2026-05-29 20:30:00;686;LTE NL - LTE Netherlands B.V.;IN_REPORT;IN_REPORT;POTENTIAL_COLD_STAND;Standzeit ueber 8 Stunden am selben Ort. Fachlich als moegliche kalte Abstellung pruefen.;raw_locomotivemovement;1890
RUN_20260621_191259;91806193634-3;456270;456271;Gladbeck West;2026-06-15 05:13:00;2026-06-15 16:28:00;675;LTE DE - LTE Germany GmbH;IN_REPORT;IN_REPORT;POTENTIAL_COLD_STAND;Standzeit ueber 8 Stunden am selben Ort. Fachlich als moegliche kalte Abstellung pruefen.;raw_locomotivemovement;14958
RUN_20260621_191259;91854475435-4;454603;454561;Basel Grenze Muttenz;2026-06-09 22:00:00;2026-06-10 09:13:00;673;BLS Cargo AG;IN_REPORT;IN_REPORT;POTENTIAL_COLD_STAND;Standzeit ueber 8 Stunden am selben Ort. Fachlich als moegliche kalte Abstellung pruefen.;raw_locomotivemovement;5355
RUN_20260621_191259;91515370035-5;457438;457434;Ludwigshafen (Rhein) BASF Ubf;2026-06-20 01:50:00;2026-06-20 13:00:00;670;LTE NL - LTE Netherlands B.V.;IN_REPORT;IN_REPORT;POTENTIAL_COLD_STAND;Standzeit ueber 8 Stunden am selben Ort. Fachlich als moegliche kalte Abstellung pruefen.;raw_locomotivemovement;15152
RUN_20260621_191259;90802159256-7;457678;458708;Passau Gbf;2026-06-08 20:20:00;2026-06-09 07:25:00;665;RTB CARGO GmbH;IN_REPORT;IN_REPORT;POTENTIAL_COLD_STAND;Standzeit ueber 8 Stunden am selben Ort. Fachlich als moegliche kalte Abstellung pruefen.;raw_locomotivemovement;5881
RUN_20260621_191259;91806193260-7;454575;454564;Ludwigshafen (Rhein) BASF Ubf;2026-06-12 07:29:00;2026-06-12 18:30:00;661;LTE NL - LTE Netherlands B.V.;IN_REPORT;IN_REPORT;POTENTIAL_COLD_STAND;Standzeit ueber 8 Stunden am selben Ort. Fachlich als moegliche kalte Abstellung pruefen.;raw_locomotivemovement;17024
RUN_20260621_191259;91807193881-8;451891;451884;Ludwigshafen (Rhein) BASF Ubf;2026-06-04 14:51:00;2026-06-05 01:38:00;647;LTE NL - LTE Netherlands B.V.;IN_REPORT;IN_REPORT;POTENTIAL_COLD_STAND;Standzeit ueber 8 Stunden am selben Ort. Fachlich als moegliche kalte Abstellung pruefen.;raw_locomotivemovement;16854
RUN_20260621_191259;91806192999-1;455265;457339;Osnabrück Hbf;2026-05-28 23:35:00;2026-05-29 10:15:00;640;LTE DE - LTE Germany GmbH;IN_REPORT;IN_REPORT;POTENTIAL_COLD_STAND;Standzeit ueber 8 Stunden am selben Ort. Fachlich als moegliche kalte Abstellung pruefen.;raw_locomotivemovement;14272
RUN_20260621_191259;91806193829-9;456492;456441;Lehrte West;2026-06-07 22:41:00;2026-06-08 09:09:00;628;LTE NL - LTE Netherlands B.V.;IN_REPORT;IN_REPORT;POTENTIAL_COLD_STAND;Standzeit ueber 8 Stunden am selben Ort. Fachlich als moegliche kalte Abstellung pruefen.;raw_locomotivemovement;10343
RUN_20260621_191259;91807193881-8;457443;457439;Ludwigshafen (Rhein) BASF Ubf;2026-06-12 06:51:00;2026-06-12 17:17:00;626;LTE NL - LTE Netherlands B.V.;IN_REPORT;IN_REPORT;POTENTIAL_COLD_STAND;Standzeit ueber 8 Stunden am selben Ort. Fachlich als moegliche kalte Abstellung pruefen.;raw_locomotivemovement;16784
RUN_20260621_191259;91806193803-4;456513;456501;Osnabrück Hbf;2026-06-11 07:01:00;2026-06-11 17:25:00;624;LTE DE - LTE Germany GmbH;IN_REPORT;IN_REPORT;POTENTIAL_COLD_STAND;Standzeit ueber 8 Stunden am selben Ort. Fachlich als moegliche kalte Abstellung pruefen.;raw_locomotivemovement;19121
RUN_20260621_191259;91854475417-2;454578;454566;Ludwigshafen (Rhein) BASF Ubf;2026-06-09 08:06:00;2026-06-09 18:30:00;624;LTE NL - LTE Netherlands B.V.;IN_REPORT;IN_REPORT;POTENTIAL_COLD_STAND;Standzeit ueber 8 Stunden am selben Ort. Fachlich als moegliche kalte Abstellung pruefen.;raw_locomotivemovement;14359
RUN_20260621_191259;91806193805-9;454269;452897;München-Riem Ubf;2026-06-09 07:44:00;2026-06-09 18:00:00;616;LTE DE - LTE Germany GmbH;IN_REPORT;IN_REPORT;POTENTIAL_COLD_STAND;Standzeit ueber 8 Stunden am selben Ort. Fachlich als moegliche kalte Abstellung pruefen.;raw_locomotivemovement;14009
RUN_20260621_191259;91806193046-0;458664;458665;Offenburg Gbf;2026-06-12 07:25:00;2026-06-12 17:30:00;605;LTE DE - LTE Germany GmbH;IN_REPORT;IN_REPORT;POTENTIAL_COLD_STAND;Standzeit ueber 8 Stunden am selben Ort. Fachlich als moegliche kalte Abstellung pruefen.;raw_locomotivemovement;19946
RUN_20260621_191259;91806193299-5;451310;456077;Kork;2026-05-23 07:55:00;2026-05-23 18:00:00;605;LTE DE - LTE Germany GmbH;IN_REPORT;IN_REPORT;POTENTIAL_COLD_STAND;Standzeit ueber 8 Stunden am selben Ort. Fachlich als moegliche kalte Abstellung pruefen.;raw_locomotivemovement;7832
RUN_20260621_191259;91807193212-6;457568;453547;Aachen West;2026-06-04 00:20:00;2026-06-04 10:25:00;605;LTE DE - LTE Germany GmbH;IN_REPORT;IN_REPORT;POTENTIAL_COLD_STAND;Standzeit ueber 8 Stunden am selben Ort. Fachlich als moegliche kalte Abstellung pruefen.;raw_locomotivemovement;20923
RUN_20260621_191259;91806193299-5;456076;456077;Offenburg Gbf;2026-05-23 07:56:00;2026-05-23 18:00:00;604;LTE DE - LTE Germany GmbH;IN_REPORT;IN_REPORT;POTENTIAL_COLD_STAND;Standzeit ueber 8 Stunden am selben Ort. Fachlich als moegliche kalte Abstellung pruefen.;raw_locomotivemovement;8814
RUN_20260621_191259;91806193868-7;457781;457805;Aachen West;2026-06-07 11:27:00;2026-06-07 21:30:00;603;LTE DE - LTE Germany GmbH;IN_REPORT;IN_REPORT;POTENTIAL_COLD_STAND;Standzeit ueber 8 Stunden am selben Ort. Fachlich als moegliche kalte Abstellung pruefen.;raw_locomotivemovement;8463
RUN_20260621_191259;91806193805-9;454271;454272;München-Riem Ubf;2026-06-12 08:11:00;2026-06-12 18:00:00;589;LTE DE - LTE Germany GmbH;IN_REPORT;IN_REPORT;POTENTIAL_COLD_STAND;Standzeit ueber 8 Stunden am selben Ort. Fachlich als moegliche kalte Abstellung pruefen.;raw_locomotivemovement;1142
RUN_20260621_191259;91811286940-2;450594;450585;Ludwigshafen (Rhein) BASF Ubf;2026-05-28 08:41:00;2026-05-28 18:30:00;589;LTE NL - LTE Netherlands B.V.;IN_REPORT;IN_REPORT;POTENTIAL_COLD_STAND;Standzeit ueber 8 Stunden am selben Ort. Fachlich als moegliche kalte Abstellung pruefen.;raw_locomotivemovement;17397
RUN_20260621_191259;91515370037-1;454418;454407;Ludwigshafen (Rhein) BASF Ubf;2026-06-02 08:34:00;2026-06-02 18:19:00;585;LTE NL - LTE Netherlands B.V.;IN_REPORT;IN_REPORT;POTENTIAL_COLD_STAND;Standzeit ueber 8 Stunden am selben Ort. Fachlich als moegliche kalte Abstellung pruefen.;raw_locomotivemovement;12461
RUN_20260621_191259;91806193427-2;455025;455014;Ludwigshafen (Rhein) BASF Ubf;2026-06-19 08:57:00;2026-06-19 18:30:00;573;LTE NL - LTE Netherlands B.V.;IN_REPORT;IN_REPORT;POTENTIAL_COLD_STAND;Standzeit ueber 8 Stunden am selben Ort. Fachlich als moegliche kalte Abstellung pruefen.;raw_locomotivemovement;2624
RUN_20260621_191259;90802159256-7;460518;458707;Schwedt (Oder);2026-06-15 15:00:00;2026-06-16 00:30:00;570;RTB CARGO GmbH;IN_REPORT;IN_REPORT;POTENTIAL_COLD_STAND;Standzeit ueber 8 Stunden am selben Ort. Fachlich als moegliche kalte Abstellung pruefen.;raw_locomotivemovement;3612
RUN_20260621_191259;91806193805-9;448706;448707;München-Riem Ubf;2026-06-05 08:02:00;2026-06-05 17:30:00;568;LTE DE - LTE Germany GmbH;IN_REPORT;IN_REPORT;POTENTIAL_COLD_STAND;Standzeit ueber 8 Stunden am selben Ort. Fachlich als moegliche kalte Abstellung pruefen.;raw_locomotivemovement;8502
RUN_20260621_191259;91806193257-3;450729;454546;Mannheim Rbf Gr K/Kn;2026-06-02 15:56:00;2026-06-03 01:15:00;559;LTE NL - LTE Netherlands B.V.;IN_REPORT;IN_REPORT;POTENTIAL_COLD_STAND;Standzeit ueber 8 Stunden am selben Ort. Fachlich als moegliche kalte Abstellung pruefen.;raw_locomotivemovement;15806
RUN_20260621_191259;91806193266-4;459324;459326;Kirchweyhe;2026-06-10 04:00:00;2026-06-10 13:03:00;543;LTE DE - LTE Germany GmbH;IN_REPORT;IN_REPORT;POTENTIAL_COLD_STAND;Standzeit ueber 8 Stunden am selben Ort. Fachlich als moegliche kalte Abstellung pruefen.;raw_locomotivemovement;15746
RUN_20260621_191259;92812016903-4;459158;459157;Simbach (Inn);2026-06-12 21:32:00;2026-06-13 06:30:00;538;LTE DE - LTE Germany GmbH;IN_REPORT;IN_REPORT;POTENTIAL_COLD_STAND;Standzeit ueber 8 Stunden am selben Ort. Fachlich als moegliche kalte Abstellung pruefen.;raw_locomotivemovement;13786
RUN_20260621_191259;91806185680-6;453755;453746;Ingolstadt Hbf;2026-05-22 22:40:00;2026-05-23 07:37:00;537;LTE DE - LTE Germany GmbH;IN_REPORT;IN_REPORT;POTENTIAL_COLD_STAND;Standzeit ueber 8 Stunden am selben Ort. Fachlich als moegliche kalte Abstellung pruefen.;raw_locomotivemovement;6855
RUN_20260621_191259;91806185680-6;458727;458727;Oberhausen-Osterfeld Ost;2026-06-16 17:05:00;2026-06-17 01:57:00;532;LTE DE - LTE Germany GmbH;IN_REPORT;IN_REPORT;POTENTIAL_COLD_STAND;Standzeit ueber 8 Stunden am selben Ort. Fachlich als moegliche kalte Abstellung pruefen.;raw_locomotivemovement;6305
RUN_20260621_191259;91806193697-0;460225;459643;Köthen;2026-06-15 07:15:00;2026-06-15 16:03:00;528;LTE DE - LTE Germany GmbH;IN_REPORT;IN_REPORT;POTENTIAL_COLD_STAND;Standzeit ueber 8 Stunden am selben Ort. Fachlich als moegliche kalte Abstellung pruefen.;raw_locomotivemovement;15732
RUN_20260621_191259;90802159259-1;457926;457681;Bernburg;2026-06-08 03:15:00;2026-06-08 12:00:00;525;LTE DE - LTE Germany GmbH;IN_REPORT;IN_REPORT;POTENTIAL_COLD_STAND;Standzeit ueber 8 Stunden am selben Ort. Fachlich als moegliche kalte Abstellung pruefen.;raw_locomotivemovement;19588
RUN_20260621_191259;91806185591-5;448712;448710;München-Riem Ubf;2026-05-30 02:15:00;2026-05-30 11:00:00;525;LTE DE - LTE Germany GmbH;IN_REPORT;IN_REPORT;POTENTIAL_COLD_STAND;Standzeit ueber 8 Stunden am selben Ort. Fachlich als moegliche kalte Abstellung pruefen.;raw_locomotivemovement;13923
RUN_20260621_191259;91806193266-4;457179;457794;Passau Gbf;2026-06-04 08:20:00;2026-06-04 17:05:00;525;LTE AT - LTE Austria GmbH;IN_REPORT;IN_REPORT;POTENTIAL_COLD_STAND;Standzeit ueber 8 Stunden am selben Ort. Fachlich als moegliche kalte Abstellung pruefen.;raw_locomotivemovement;20342
RUN_20260621_191259;91806189806-3;453690;453687;Krefeld-Uerdingen;2026-05-23 11:39:00;2026-05-23 20:19:00;520;LTE DE - LTE Germany GmbH;IN_REPORT;IN_REPORT;POTENTIAL_COLD_STAND;Standzeit ueber 8 Stunden am selben Ort. Fachlich als moegliche kalte Abstellung pruefen.;raw_locomotivemovement;9768
RUN_20260621_191259;91806193257-3;454551;454545;Mannheim Rbf Gr K/Kn;2026-06-05 13:59:00;2026-06-05 22:30:00;511;LTE NL - LTE Netherlands B.V.;IN_REPORT;IN_REPORT;POTENTIAL_COLD_STAND;Standzeit ueber 8 Stunden am selben Ort. Fachlich als moegliche kalte Abstellung pruefen.;raw_locomotivemovement;10009
RUN_20260621_191259;91806193805-9;448715;448718;München-Riem Ubf;2026-06-02 09:36:00;2026-06-02 18:00:00;504;LTE DE - LTE Germany GmbH;IN_REPORT;IN_REPORT;POTENTIAL_COLD_STAND;Standzeit ueber 8 Stunden am selben Ort. Fachlich als moegliche kalte Abstellung pruefen.;raw_locomotivemovement;11688
RUN_20260621_191259;91806186945-2;451899;451901;Ludwigshafen (Rhein) BASF Ubf;2026-05-29 01:16:00;2026-05-29 09:38:00;502;LTE NL - LTE Netherlands B.V.;IN_REPORT;IN_REPORT;POTENTIAL_COLD_STAND;Standzeit ueber 8 Stunden am selben Ort. Fachlich als moegliche kalte Abstellung pruefen.;raw_locomotivemovement;889
RUN_20260621_191259;91806192999-1;458722;458723;Ingolstadt Hbf;2026-06-15 12:37:00;2026-06-15 20:52:00;495;LTE DE - LTE Germany GmbH;IN_REPORT;IN_REPORT;POTENTIAL_COLD_STAND;Standzeit ueber 8 Stunden am selben Ort. Fachlich als moegliche kalte Abstellung pruefen.;raw_locomotivemovement;10178
RUN_20260621_191259;91806185356-3;455305;456430;Wanne-Eickel Hbf;2026-05-25 17:52:00;2026-05-26 02:05:00;493;LTE DE - LTE Germany GmbH;IN_REPORT;IN_REPORT;POTENTIAL_COLD_STAND;Standzeit ueber 8 Stunden am selben Ort. Fachlich als moegliche kalte Abstellung pruefen.;raw_locomotivemovement;13274
RUN_20260621_191259;91806189804-8;453702;453692;Krefeld-Uerdingen;2026-06-02 14:47:00;2026-06-02 23:00:00;493;LTE DE - LTE Germany GmbH;IN_REPORT;IN_REPORT;POTENTIAL_COLD_STAND;Standzeit ueber 8 Stunden am selben Ort. Fachlich als moegliche kalte Abstellung pruefen.;raw_locomotivemovement;20867
RUN_20260621_191259;91807193230-8;457048;451126;Lehrte West;2026-05-24 16:19:00;2026-05-25 00:27:00;488;LTE DE - LTE Germany GmbH;IN_REPORT;IN_REPORT;POTENTIAL_COLD_STAND;Standzeit ueber 8 Stunden am selben Ort. Fachlich als moegliche kalte Abstellung pruefen.;raw_locomotivemovement;14127
