run_id;loco_no;transport_number;performing_ru;period_start_utc;period_end_utc;export_ready;export_blocking;dq_severity;dq_message;blocker_reason;source_table;source_row_id
RUN_20260621_191259;90802159259-1;454785;LTE DE - LTE Germany GmbH;2026-05-22 22:00:00;2026-05-23 00:00:00;false;true;ERROR;R011: Zeitliche Überschneidung mit vorheriger Bewegung erkannt. Referenztransport(e): 454777.;Offener Prüffall;raw_locomotivemovement;11010
RUN_20260621_191259;90802159259-1;454777;LTE DE - LTE Germany GmbH;2026-05-22 22:32:00;2026-05-22 22:34:00;false;true;ERROR;R011: Zeitliche Überschneidung mit vorheriger Bewegung erkannt. Referenztransport(e): 454785.;Offener Prüffall;raw_locomotivemovement;21147
RUN_20260621_191259;90802159259-1;454777;LTE DE - LTE Germany GmbH;2026-05-22 22:34:00;2026-05-22 23:10:00;false;true;ERROR;R011: Zeitliche Überschneidung mit vorheriger Bewegung erkannt. Referenztransport(e): 454785.;Offener Prüffall;raw_locomotivemovement;21148
RUN_20260621_191259;91806193796-0;450565;LTE NL - LTE Netherlands B.V.;2026-05-22 23:47:00;2026-05-22 23:54:00;false;true;ERROR;R011: Zeitliche Überschneidung mit vorheriger Bewegung erkannt. Referenztransport(e): 457057.;Offener Prüffall;raw_locomotivemovement;6532
RUN_20260621_191259;91806193115-3;453539;LTE DE - LTE Germany GmbH;2026-05-23 02:25:00;2026-05-23 02:30:00;false;true;ERROR;R011: Zeitliche Überschneidung mit vorheriger Bewegung erkannt. Referenztransport(e): 453534.;Offener Prüffall;raw_locomotivemovement;7251
RUN_20260621_191259;91806193115-3;453534;LTE DE - LTE Germany GmbH;2026-05-23 04:17:00;2026-05-23 04:30:00;false;true;ERROR;R011: Zeitliche Überschneidung mit vorheriger Bewegung erkannt. Referenztransport(e): 453539.;Offener Prüffall;raw_locomotivemovement;11052
RUN_20260621_191259;91806193299-5;451310;LTE DE - LTE Germany GmbH;2026-05-23 07:45:00;2026-05-23 07:55:00;false;true;ERROR;R011: Zeitliche Überschneidung mit vorheriger Bewegung erkannt. Referenztransport(e): 456076.;Offener Prüffall;raw_locomotivemovement;7832
RUN_20260621_191259;91806193299-5;456076;LTE DE - LTE Germany GmbH;2026-05-23 07:54:00;2026-05-23 07:56:00;false;true;ERROR;R011: Zeitliche Überschneidung mit vorheriger Bewegung erkannt. Referenztransport(e): 451310.;Offener Prüffall;raw_locomotivemovement;8814
RUN_20260621_191259;91806189806-3;453867;LTE DE - LTE Germany GmbH;2026-05-23 11:19:00;2026-05-23 11:23:00;false;true;ERROR;R011: Zeitliche Überschneidung mit vorheriger Bewegung erkannt. Referenztransport(e): 453690.;Offener Prüffall;raw_locomotivemovement;3093
RUN_20260621_191259;91806189806-3;453867;LTE DE - LTE Germany GmbH;2026-05-23 11:23:00;2026-05-23 11:38:00;false;true;ERROR;R011: Zeitliche Überschneidung mit vorheriger Bewegung erkannt. Referenztransport(e): 453690.;Offener Prüffall;raw_locomotivemovement;3094
RUN_20260621_191259;91806193299-5;451309;LTE DE - LTE Germany GmbH;2026-05-23 18:20:00;2026-05-23 18:50:00;false;true;ERROR;R011: Zeitliche Überschneidung mit vorheriger Bewegung erkannt. Referenztransport(e): 456077.;Offener Prüffall;raw_locomotivemovement;2909
RUN_20260621_191259;91806189806-3;453865;LTE DE - LTE Germany GmbH;2026-05-23 21:00:00;2026-05-23 21:29:00;false;true;ERROR;R011: Zeitliche Überschneidung mit vorheriger Bewegung erkannt. Referenztransport(e): 453687.;Offener Prüffall;raw_locomotivemovement;92
RUN_20260621_191259;91806189806-3;453865;LTE DE - LTE Germany GmbH;2026-05-23 21:29:00;2026-05-23 21:33:00;false;true;ERROR;R011: Zeitliche Überschneidung mit vorheriger Bewegung erkannt. Referenztransport(e): 453687.;Offener Prüffall;raw_locomotivemovement;93
RUN_20260621_191259;90802159259-1;454791;LTE DE - LTE Germany GmbH;2026-05-24 10:45:00;2026-05-24 12:45:00;false;true;ERROR;R011: Zeitliche Überschneidung mit vorheriger Bewegung erkannt. Referenztransport(e): 454792.;Offener Prüffall;raw_locomotivemovement;16690
RUN_20260621_191259;90802159259-1;454792;LTE DE - LTE Germany GmbH;2026-05-24 11:22:00;2026-05-24 11:52:00;false;true;ERROR;R011: Zeitliche Überschneidung mit vorheriger Bewegung erkannt. Referenztransport(e): 454791.;Offener Prüffall;raw_locomotivemovement;842
RUN_20260621_191259;90802159259-1;454790;LTE DE - LTE Germany GmbH;2026-05-24 17:00:00;2026-05-24 19:00:00;false;true;ERROR;R011: Zeitliche Überschneidung mit vorheriger Bewegung erkannt. Referenztransport(e): 454791.;Offener Prüffall;raw_locomotivemovement;13736
RUN_20260621_191259;91807193886-7;456860;LTE DE - LTE Germany GmbH;2026-05-24 17:08:00;2026-05-24 17:11:00;false;true;ERROR;R011: Zeitliche Überschneidung mit vorheriger Bewegung erkannt. Referenztransport(e): 451126.;Offener Prüffall;raw_locomotivemovement;20571
RUN_20260621_191259;91807193886-7;451126;LTE DE - LTE Germany GmbH;2026-05-24 17:19:00;2026-05-24 22:30:00;false;true;ERROR;R011: Zeitliche Überschneidung mit vorheriger Bewegung erkannt. Referenztransport(e): 456860.;Offener Prüffall;raw_locomotivemovement;6954
RUN_20260621_191259;90802159259-1;454791;LTE DE - LTE Germany GmbH;2026-05-24 17:51:00;2026-05-24 18:04:00;false;true;ERROR;R011: Zeitliche Überschneidung mit vorheriger Bewegung erkannt. Referenztransport(e): 454790.;Offener Prüffall;raw_locomotivemovement;16694
RUN_20260621_191259;90802159259-1;454791;LTE DE - LTE Germany GmbH;2026-05-24 18:04:00;2026-05-24 18:23:00;false;true;ERROR;R011: Zeitliche Überschneidung mit vorheriger Bewegung erkannt. Referenztransport(e): 454790.;Offener Prüffall;raw_locomotivemovement;16695
RUN_20260621_191259;91807193886-7;451126;LTE DE - LTE Germany GmbH;2026-05-24 22:30:00;2026-05-25 00:27:00;false;true;ERROR;R011: Zeitliche Überschneidung mit vorheriger Bewegung erkannt. Referenztransport(e): 456860.;Offener Prüffall;raw_locomotivemovement;6956
RUN_20260621_191259;91807193886-7;456860;LTE DE - LTE Germany GmbH;2026-05-24 22:33:00;2026-05-25 00:47:00;false;true;ERROR;R011: Zeitliche Überschneidung mit vorheriger Bewegung erkannt. Referenztransport(e): 451126.;Offener Prüffall;raw_locomotivemovement;20574
RUN_20260621_191259;91807193230-8;456860;LTE DE - LTE Germany GmbH;2026-05-25 00:47:00;2026-05-25 04:49:00;false;true;ERROR;R011: Zeitliche Überschneidung mit vorheriger Bewegung erkannt. Referenztransport(e): 451126.;Offener Prüffall;raw_locomotivemovement;20564
RUN_20260621_191259;91807193230-8;451126;LTE DE - LTE Germany GmbH;2026-05-25 03:02:00;2026-05-25 07:04:00;false;true;ERROR;R011: Zeitliche Überschneidung mit vorheriger Bewegung erkannt. Referenztransport(e): 456860.;Offener Prüffall;raw_locomotivemovement;6950
RUN_20260621_191259;91807193230-8;456860;LTE DE - LTE Germany GmbH;2026-05-25 04:49:00;2026-05-25 04:50:00;false;true;ERROR;R011: Zeitliche Überschneidung mit vorheriger Bewegung erkannt. Referenztransport(e): 451126.;Offener Prüffall;raw_locomotivemovement;20565
RUN_20260621_191259;91807193230-8;456860;LTE DE - LTE Germany GmbH;2026-05-25 04:55:00;2026-05-25 06:00:00;false;true;ERROR;R011: Zeitliche Überschneidung mit vorheriger Bewegung erkannt. Referenztransport(e): 451126.;Offener Prüffall;raw_locomotivemovement;20566
RUN_20260621_191259;91807193230-8;456860;LTE DE - LTE Germany GmbH;2026-05-25 06:00:00;2026-05-25 07:04:00;false;true;ERROR;R011: Zeitliche Überschneidung mit vorheriger Bewegung erkannt. Referenztransport(e): 451126.;Offener Prüffall;raw_locomotivemovement;20567
RUN_20260621_191259;90802159259-1;455220;LTE DE - LTE Germany GmbH;2026-05-25 23:15:00;2026-05-26 00:30:00;false;true;ERROR;R011: Zeitliche Überschneidung mit vorheriger Bewegung erkannt. Referenztransport(e): 455238.;Offener Prüffall;raw_locomotivemovement;10726
RUN_20260621_191259;90802159259-1;455238;LTE DE - LTE Germany GmbH;2026-05-25 23:45:00;2026-05-26 00:15:00;false;true;ERROR;R011: Zeitliche Überschneidung mit vorheriger Bewegung erkannt. Referenztransport(e): 455220.;Offener Prüffall;raw_locomotivemovement;20650
RUN_20260621_191259;90802159259-1;455238;LTE DE - LTE Germany GmbH;2026-05-26 00:15:00;2026-05-26 00:16:00;false;true;ERROR;R011: Zeitliche Überschneidung mit vorheriger Bewegung erkannt. Referenztransport(e): 455220.;Offener Prüffall;raw_locomotivemovement;20651
RUN_20260621_191259;90802159259-1;457529;LTE DE - LTE Germany GmbH;2026-05-26 19:48:00;2026-05-26 19:54:00;false;true;ERROR;R011: Zeitliche Überschneidung mit vorheriger Bewegung erkannt. Referenztransport(e): 455248.;Offener Prüffall;raw_locomotivemovement;1571
RUN_20260621_191259;90802159259-1;457529;LTE DE - LTE Germany GmbH;2026-05-26 19:54:00;2026-05-26 20:20:00;false;true;ERROR;R011: Zeitliche Überschneidung mit vorheriger Bewegung erkannt. Referenztransport(e): 455248.;Offener Prüffall;raw_locomotivemovement;1572
RUN_20260621_191259;90802019402-7;455225;LTE DE - LTE Germany GmbH;2026-05-27 12:00:00;2026-05-27 12:32:00;false;true;ERROR;R011: Zeitliche Überschneidung mit vorheriger Bewegung erkannt. Referenztransport(e): 455237.;Offener Prüffall;raw_locomotivemovement;9792
RUN_20260621_191259;90802019402-7;455225;LTE DE - LTE Germany GmbH;2026-05-27 12:32:00;2026-05-27 12:36:00;false;true;ERROR;R011: Zeitliche Überschneidung mit vorheriger Bewegung erkannt. Referenztransport(e): 455237.;Offener Prüffall;raw_locomotivemovement;9793
RUN_20260621_191259;90802019402-7;455225;LTE DE - LTE Germany GmbH;2026-05-27 12:40:00;2026-05-27 13:27:00;false;true;ERROR;R011: Zeitliche Überschneidung mit vorheriger Bewegung erkannt. Referenztransport(e): 455237.;Offener Prüffall;raw_locomotivemovement;9794
RUN_20260621_191259;91806192999-1;455265;LTE DE - LTE Germany GmbH;2026-05-28 02:45:00;2026-05-28 04:45:00;false;true;ERROR;R011: Zeitliche Überschneidung mit vorheriger Bewegung erkannt. Referenztransport(e): 455260.;Offener Prüffall;raw_locomotivemovement;14258
RUN_20260621_191259;91806192999-1;455260;LTE DE - LTE Germany GmbH;2026-05-28 02:52:00;2026-05-28 03:22:00;false;true;ERROR;R011: Zeitliche Überschneidung mit vorheriger Bewegung erkannt. Referenztransport(e): 455265.;Offener Prüffall;raw_locomotivemovement;382
RUN_20260621_191259;91806192999-1;455260;LTE DE - LTE Germany GmbH;2026-05-28 03:22:00;2026-05-28 03:50:00;false;true;ERROR;R011: Zeitliche Überschneidung mit vorheriger Bewegung erkannt. Referenztransport(e): 455265.;Offener Prüffall;raw_locomotivemovement;383
RUN_20260621_191259;91806185056-9;456759;LTE DE - LTE Germany GmbH;2026-05-28 14:40:00;2026-05-28 19:30:00;false;true;MANUAL_REVIEW;R013: Halter der Lok fehlt. Marktpartner-ID für Nutzungsüberlassung kann nicht abgeleitet werden.;Halter fehlt | Offener Prüffall;raw_locomotivemovement;14492
RUN_20260621_191259;91806185056-9;456759;LTE DE - LTE Germany GmbH;2026-05-28 20:47:00;2026-05-29 00:37:00;false;true;MANUAL_REVIEW;R013: Halter der Lok fehlt. Marktpartner-ID für Nutzungsüberlassung kann nicht abgeleitet werden.;Halter fehlt | Offener Prüffall;raw_locomotivemovement;14481
RUN_20260621_191259;90802019402-7;455234;LTE DE - LTE Germany GmbH;2026-05-28 23:00:00;2026-05-28 23:05:00;false;true;ERROR;R011: Zeitliche Überschneidung mit vorheriger Bewegung erkannt. Referenztransport(e): 455242.;Offener Prüffall;raw_locomotivemovement;9355
RUN_20260621_191259;90802019402-7;455234;LTE DE - LTE Germany GmbH;2026-05-28 23:05:00;2026-05-28 23:10:00;false;true;ERROR;R011: Zeitliche Überschneidung mit vorheriger Bewegung erkannt. Referenztransport(e): 455242.;Offener Prüffall;raw_locomotivemovement;9356
RUN_20260621_191259;91806185056-9;456759;LTE DE - LTE Germany GmbH;2026-05-29 00:37:00;2026-05-29 00:37:00;false;true;MANUAL_REVIEW;R013: Halter der Lok fehlt. Marktpartner-ID für Nutzungsüberlassung kann nicht abgeleitet werden.;Halter fehlt | Offener Prüffall;raw_locomotivemovement;14482
RUN_20260621_191259;91806185056-9;456759;LTE DE - LTE Germany GmbH;2026-05-29 00:37:00;2026-05-29 03:23:00;false;true;MANUAL_REVIEW;R013: Halter der Lok fehlt. Marktpartner-ID für Nutzungsüberlassung kann nicht abgeleitet werden.;Halter fehlt | Offener Prüffall;raw_locomotivemovement;14483
RUN_20260621_191259;91806185056-9;456759;LTE DE - LTE Germany GmbH;2026-05-29 03:23:00;2026-05-29 03:23:00;false;true;MANUAL_REVIEW;R013: Halter der Lok fehlt. Marktpartner-ID für Nutzungsüberlassung kann nicht abgeleitet werden.;Halter fehlt | Offener Prüffall;raw_locomotivemovement;14494
RUN_20260621_191259;91806185056-9;456759;LTE DE - LTE Germany GmbH;2026-05-29 03:23:00;2026-05-29 07:05:00;false;true;MANUAL_REVIEW;R013: Halter der Lok fehlt. Marktpartner-ID für Nutzungsüberlassung kann nicht abgeleitet werden.;Halter fehlt | Offener Prüffall;raw_locomotivemovement;14484
RUN_20260621_191259;91806185056-9;456759;LTE DE - LTE Germany GmbH;2026-05-29 07:05:00;2026-05-29 09:12:00;false;true;MANUAL_REVIEW;R013: Halter der Lok fehlt. Marktpartner-ID für Nutzungsüberlassung kann nicht abgeleitet werden.;Halter fehlt | Offener Prüffall;raw_locomotivemovement;14485
RUN_20260621_191259;91806185056-9;456759;LTE DE - LTE Germany GmbH;2026-05-29 09:12:00;2026-05-29 12:53:00;false;true;MANUAL_REVIEW;R013: Halter der Lok fehlt. Marktpartner-ID für Nutzungsüberlassung kann nicht abgeleitet werden.;Halter fehlt | Offener Prüffall;raw_locomotivemovement;14495
RUN_20260621_191259;91807193805-7;456793;LTE CH - LTE Schweiz GmbH;2026-05-29 11:05:00;2026-05-29 11:10:00;false;true;ERROR;R011: Zeitliche Überschneidung mit vorheriger Bewegung erkannt. Referenztransport(e): 451840.;Offener Prüffall;raw_locomotivemovement;3470
RUN_20260621_191259;91806185056-9;456759;LTE DE - LTE Germany GmbH;2026-05-29 12:53:00;2026-05-29 19:48:00;false;true;MANUAL_REVIEW;R013: Halter der Lok fehlt. Marktpartner-ID für Nutzungsüberlassung kann nicht abgeleitet werden.;Halter fehlt | Offener Prüffall;raw_locomotivemovement;14486
RUN_20260621_191259;91806185056-9;456759;LTE DE - LTE Germany GmbH;2026-05-29 12:53:00;2026-05-29 12:53:00;false;true;MANUAL_REVIEW;R013: Halter der Lok fehlt. Marktpartner-ID für Nutzungsüberlassung kann nicht abgeleitet werden.;Halter fehlt | Offener Prüffall;raw_locomotivemovement;14491
RUN_20260621_191259;91806185056-9;456759;LTE DE - LTE Germany GmbH;2026-05-29 19:48:00;2026-06-02 16:00:00;false;true;MANUAL_REVIEW;R013: Halter der Lok fehlt. Marktpartner-ID für Nutzungsüberlassung kann nicht abgeleitet werden.;Halter fehlt | Offener Prüffall;raw_locomotivemovement;14496
RUN_20260621_191259;91806193115-3;457386;LTE DE - LTE Germany GmbH;2026-05-29 22:00:00;2026-05-29 22:40:00;false;true;ERROR;R011: Zeitliche Überschneidung mit vorheriger Bewegung erkannt. Referenztransport(e): 453530.;Offener Prüffall;raw_locomotivemovement;15247
RUN_20260621_191259;90802019402-7;455235;LTE DE - LTE Germany GmbH;2026-05-29 22:35:00;2026-05-29 22:40:00;false;true;ERROR;R011: Zeitliche Überschneidung mit vorheriger Bewegung erkannt. Referenztransport(e): 455223.;Offener Prüffall;raw_locomotivemovement;4270
RUN_20260621_191259;90802019402-7;455235;LTE DE - LTE Germany GmbH;2026-05-29 22:40:00;2026-05-29 23:00:00;false;true;ERROR;R011: Zeitliche Überschneidung mit vorheriger Bewegung erkannt. Referenztransport(e): 455223.;Offener Prüffall;raw_locomotivemovement;4271
RUN_20260621_191259;91806193299-5;456958;LTE DE - LTE Germany GmbH;2026-05-30 06:35:00;2026-05-30 06:55:00;false;true;ERROR;R011: Zeitliche Überschneidung mit vorheriger Bewegung erkannt. Referenztransport(e): 451308.;Offener Prüffall;raw_locomotivemovement;17239
RUN_20260621_191259;91806193299-5;451308;LTE DE - LTE Germany GmbH;2026-05-30 06:55:00;2026-05-30 07:00:00;false;true;ERROR;R011: Zeitliche Überschneidung mit vorheriger Bewegung erkannt. Referenztransport(e): 456958.;Offener Prüffall;raw_locomotivemovement;18098
RUN_20260621_191259;91806193796-0;450634;LTE NL - LTE Netherlands B.V.;2026-05-30 15:00:00;2026-05-30 15:30:00;false;true;ERROR;R011: Zeitliche Überschneidung mit vorheriger Bewegung erkannt. Referenztransport(e): 456809.;Offener Prüffall;raw_locomotivemovement;5886
RUN_20260621_191259;91806193796-0;456809;LTE NL - LTE Netherlands B.V.;2026-05-30 15:09:00;2026-05-30 15:19:00;false;true;ERROR;R011: Zeitliche Überschneidung mit vorheriger Bewegung erkannt. Referenztransport(e): 450634.;Offener Prüffall;raw_locomotivemovement;7633
RUN_20260621_191259;91806189806-3;455215;LTE DE - LTE Germany GmbH;2026-05-31 08:05:00;2026-05-31 08:08:00;false;true;ERROR;R011: Zeitliche Überschneidung mit vorheriger Bewegung erkannt. Referenztransport(e): 453696.;Offener Prüffall;raw_locomotivemovement;19897
RUN_20260621_191259;91806189806-3;455215;LTE DE - LTE Germany GmbH;2026-05-31 08:08:00;2026-05-31 08:23:00;false;true;ERROR;R011: Zeitliche Überschneidung mit vorheriger Bewegung erkannt. Referenztransport(e): 453696.;Offener Prüffall;raw_locomotivemovement;19898
RUN_20260621_191259;90802159259-1;455218;LTE DE - LTE Germany GmbH;2026-05-31 09:06:00;2026-05-31 11:06:00;false;true;ERROR;R011: Zeitliche Überschneidung mit vorheriger Bewegung erkannt. Referenztransport(e): 455217.;Offener Prüffall;raw_locomotivemovement;12130
RUN_20260621_191259;90802159259-1;455217;LTE DE - LTE Germany GmbH;2026-05-31 09:37:00;2026-05-31 09:57:00;false;true;ERROR;R011: Zeitliche Überschneidung mit vorheriger Bewegung erkannt. Referenztransport(e): 455218.;Offener Prüffall;raw_locomotivemovement;3355
RUN_20260621_191259;90802159259-1;455217;LTE DE - LTE Germany GmbH;2026-05-31 09:57:00;2026-05-31 11:15:00;false;true;ERROR;R011: Zeitliche Überschneidung mit vorheriger Bewegung erkannt. Referenztransport(e): 455218.;Offener Prüffall;raw_locomotivemovement;3357
RUN_20260621_191259;90802159259-1;455219;LTE DE - LTE Germany GmbH;2026-05-31 14:00:00;2026-05-31 16:00:00;false;true;ERROR;R011: Zeitliche Überschneidung mit vorheriger Bewegung erkannt. Referenztransport(e): 455218.;Offener Prüffall;raw_locomotivemovement;15696
RUN_20260621_191259;91806193803-4;456481;LTE DE - LTE Germany GmbH;2026-06-02 01:00:00;2026-06-02 03:00:00;false;true;ERROR;R011: Zeitliche Überschneidung mit vorheriger Bewegung erkannt. Referenztransport(e): 456480.;Offener Prüffall;raw_locomotivemovement;11240
RUN_20260621_191259;91806193803-4;456480;LTE DE - LTE Germany GmbH;2026-06-02 01:57:00;2026-06-02 02:16:00;false;true;ERROR;R011: Zeitliche Überschneidung mit vorheriger Bewegung erkannt. Referenztransport(e): 456481.;Offener Prüffall;raw_locomotivemovement;8889
RUN_20260621_191259;91806193803-4;456480;LTE DE - LTE Germany GmbH;2026-06-02 02:16:00;2026-06-02 02:31:00;false;true;ERROR;R011: Zeitliche Überschneidung mit vorheriger Bewegung erkannt. Referenztransport(e): 456481.;Offener Prüffall;raw_locomotivemovement;8891
RUN_20260621_191259;91806193803-4;456480;LTE DE - LTE Germany GmbH;2026-06-02 02:31:00;2026-06-02 02:33:00;false;true;ERROR;R011: Zeitliche Überschneidung mit vorheriger Bewegung erkannt. Referenztransport(e): 456481.;Offener Prüffall;raw_locomotivemovement;8892
RUN_20260621_191259;91806189806-3;455213;LTE DE - LTE Germany GmbH;2026-06-02 11:30:00;2026-06-02 11:45:00;false;true;ERROR;R011: Zeitliche Überschneidung mit vorheriger Bewegung erkannt. Referenztransport(e): 453691.;Offener Prüffall;raw_locomotivemovement;17895
RUN_20260621_191259;91806189804-8;457595;LTE DE - LTE Germany GmbH;2026-06-02 14:30:00;2026-06-02 14:41:00;false;true;ERROR;R011: Zeitliche Überschneidung mit vorheriger Bewegung erkannt. Referenztransport(e): 453702.;Offener Prüffall;raw_locomotivemovement;5016
RUN_20260621_191259;91806189804-8;457595;LTE DE - LTE Germany GmbH;2026-06-02 14:41:00;2026-06-02 14:56:00;false;true;ERROR;R011: Zeitliche Überschneidung mit vorheriger Bewegung erkannt. Referenztransport(e): 453702.;Offener Prüffall;raw_locomotivemovement;5017
RUN_20260621_191259;91806185056-9;456759;LTE DE - LTE Germany GmbH;2026-06-02 16:00:00;2026-06-02 18:28:00;false;true;MANUAL_REVIEW;R013: Halter der Lok fehlt. Marktpartner-ID für Nutzungsüberlassung kann nicht abgeleitet werden.;Halter fehlt | Offener Prüffall;raw_locomotivemovement;14487
RUN_20260621_191259;91806185056-9;456759;LTE DE - LTE Germany GmbH;2026-06-02 18:28:00;2026-06-02 18:44:00;false;true;MANUAL_REVIEW;R013: Halter der Lok fehlt. Marktpartner-ID für Nutzungsüberlassung kann nicht abgeleitet werden.;Halter fehlt | Offener Prüffall;raw_locomotivemovement;14488
RUN_20260621_191259;91806185056-9;456759;LTE AT - LTE Austria GmbH;2026-06-02 19:35:00;2026-06-02 19:40:00;false;true;MANUAL_REVIEW;R013: Halter der Lok fehlt. Marktpartner-ID für Nutzungsüberlassung kann nicht abgeleitet werden.;Halter fehlt | Offener Prüffall;raw_locomotivemovement;14489
RUN_20260621_191259;91806189804-8;455211;LTE DE - LTE Germany GmbH;2026-06-03 00:03:00;2026-06-03 00:04:00;false;true;ERROR;R011: Zeitliche Überschneidung mit vorheriger Bewegung erkannt. Referenztransport(e): 453692.;Offener Prüffall;raw_locomotivemovement;17431
RUN_20260621_191259;90802019402-7;457921;LTE DE - LTE Germany GmbH;2026-06-03 10:04:00;2026-06-03 10:25:00;false;true;ERROR;R011: Zeitliche Überschneidung mit vorheriger Bewegung erkannt. Referenztransport(e): 457898.;Offener Prüffall;raw_locomotivemovement;20778
RUN_20260621_191259;90802159259-1;457919;LTE DE - LTE Germany GmbH;2026-06-03 22:15:00;2026-06-04 00:10:00;false;true;ERROR;R011: Zeitliche Überschneidung mit vorheriger Bewegung erkannt. Referenztransport(e): 457923.;Offener Prüffall;raw_locomotivemovement;16309
RUN_20260621_191259;90802159259-1;457923;LTE DE - LTE Germany GmbH;2026-06-03 22:25:00;2026-06-03 23:04:00;false;true;ERROR;R011: Zeitliche Überschneidung mit vorheriger Bewegung erkannt. Referenztransport(e): 457919.;Offener Prüffall;raw_locomotivemovement;1977
RUN_20260621_191259;90802019402-7;457906;LTE DE - LTE Germany GmbH;2026-06-04 07:18:00;2026-06-04 07:24:00;false;true;ERROR;R011: Zeitliche Überschneidung mit vorheriger Bewegung erkannt. Referenztransport(e): 457875.;Offener Prüffall;raw_locomotivemovement;12652
RUN_20260621_191259;90802159259-1;457900;LTE DE - LTE Germany GmbH;2026-06-04 10:15:00;2026-06-04 12:15:00;false;true;ERROR;R011: Zeitliche Überschneidung mit vorheriger Bewegung erkannt. Referenztransport(e): 457919.;Offener Prüffall;raw_locomotivemovement;7441
RUN_20260621_191259;90802159259-1;457919;LTE DE - LTE Germany GmbH;2026-06-04 10:30:00;2026-06-04 10:39:00;false;true;ERROR;R011: Zeitliche Überschneidung mit vorheriger Bewegung erkannt. Referenztransport(e): 457900.;Offener Prüffall;raw_locomotivemovement;16319
RUN_20260621_191259;90802159259-1;457919;LTE DE - LTE Germany GmbH;2026-06-04 10:39:00;2026-06-04 10:44:00;false;true;ERROR;R011: Zeitliche Überschneidung mit vorheriger Bewegung erkannt. Referenztransport(e): 457900.;Offener Prüffall;raw_locomotivemovement;16320
RUN_20260621_191259;90802159259-1;457895;LTE DE - LTE Germany GmbH;2026-06-05 12:15:00;2026-06-05 14:15:00;false;true;ERROR;R011: Zeitliche Überschneidung mit vorheriger Bewegung erkannt. Referenztransport(e): 457901.;Offener Prüffall;raw_locomotivemovement;1397
RUN_20260621_191259;90802159259-1;457901;LTE DE - LTE Germany GmbH;2026-06-05 12:47:00;2026-06-05 13:35:00;false;true;ERROR;R011: Zeitliche Überschneidung mit vorheriger Bewegung erkannt. Referenztransport(e): 457895.;Offener Prüffall;raw_locomotivemovement;5424
RUN_20260621_191259;90802159259-1;457901;LTE DE - LTE Germany GmbH;2026-06-05 13:35:00;2026-06-05 14:39:00;false;true;ERROR;R011: Zeitliche Überschneidung mit vorheriger Bewegung erkannt. Referenztransport(e): 457895.;Offener Prüffall;raw_locomotivemovement;5425
RUN_20260621_191259;91850000010-7;457812;LTE CH - LTE Schweiz GmbH;2026-06-05 16:38:00;2026-06-05 16:43:00;false;true;ERROR;R011: Zeitliche Überschneidung mit vorheriger Bewegung erkannt. Referenztransport(e): 457813.;Offener Prüffall;raw_locomotivemovement;11398
RUN_20260621_191259;91850000010-7;457812;MEDWAY - Operador Ferroviário e Logistico de Mercadorias, SA;2026-06-05 16:43:00;2026-06-05 18:00:00;false;true;ERROR;R011: Zeitliche Überschneidung mit vorheriger Bewegung erkannt. Referenztransport(e): 457813.;Offener Prüffall;raw_locomotivemovement;11397
RUN_20260621_191259;91850000010-7;457813;MEDWAY BELGIUM nv;2026-06-05 17:20:00;2026-06-05 20:20:00;false;true;ERROR;R011: Zeitliche Überschneidung mit vorheriger Bewegung erkannt. Referenztransport(e): 457812.;Offener Prüffall;raw_locomotivemovement;16339
RUN_20260621_191259;91850000010-7;457812;MEDWAY - Operador Ferroviário e Logistico de Mercadorias, SA;2026-06-05 18:00:00;2026-06-05 20:46:00;false;true;ERROR;R011: Zeitliche Überschneidung mit vorheriger Bewegung erkannt. Referenztransport(e): 457813.;Offener Prüffall;raw_locomotivemovement;11403
RUN_20260621_191259;91806189202-5;457592;LTE DE - LTE Germany GmbH;2026-06-05 19:30:00;2026-06-05 21:00:00;false;true;ERROR;R011: Zeitliche Überschneidung mit vorheriger Bewegung erkannt. Referenztransport(e): 453700.;Offener Prüffall;raw_locomotivemovement;7763
RUN_20260621_191259;91806192999-1;456507;LTE DE - LTE Germany GmbH;2026-06-08 10:17:00;2026-06-08 10:27:00;false;true;ERROR;R011: Zeitliche Überschneidung mit vorheriger Bewegung erkannt. Referenztransport(e): 456497.;Offener Prüffall;raw_locomotivemovement;8119
RUN_20260621_191259;91806192999-1;456507;LTE DE - LTE Germany GmbH;2026-06-08 10:27:00;2026-06-08 10:42:00;false;true;ERROR;R011: Zeitliche Überschneidung mit vorheriger Bewegung erkannt. Referenztransport(e): 456497.;Offener Prüffall;raw_locomotivemovement;8120
RUN_20260621_191259;90802159259-1;457908;LTE DE - LTE Germany GmbH;2026-06-08 12:30:00;2026-06-08 14:30:00;false;true;ERROR;R011: Zeitliche Überschneidung mit vorheriger Bewegung erkannt. Referenztransport(e): 457681.;Offener Prüffall;raw_locomotivemovement;5236
RUN_20260621_191259;90802159259-1;457681;LTE DE - LTE Germany GmbH;2026-06-08 12:54:00;2026-06-08 13:15:00;false;true;ERROR;R011: Zeitliche Überschneidung mit vorheriger Bewegung erkannt. Referenztransport(e): 457908.;Offener Prüffall;raw_locomotivemovement;611
RUN_20260621_191259;90802159259-1;457681;LTE DE - LTE Germany GmbH;2026-06-08 13:16:00;2026-06-08 14:16:00;false;true;ERROR;R011: Zeitliche Überschneidung mit vorheriger Bewegung erkannt. Referenztransport(e): 457908.;Offener Prüffall;raw_locomotivemovement;612
RUN_20260621_191259;91806193627-7;459321;LTE NL - LTE Netherlands B.V.;2026-06-08 20:00:00;2026-06-08 20:49:00;false;true;ERROR;R011: Zeitliche Überschneidung mit vorheriger Bewegung erkannt. Referenztransport(e): 458625.;Offener Prüffall;raw_locomotivemovement;19531
RUN_20260621_191259;90802159259-1;457896;LTE DE - LTE Germany GmbH;2026-06-08 22:00:00;2026-06-09 00:00:00;false;true;ERROR;R011: Zeitliche Überschneidung mit vorheriger Bewegung erkannt. Referenztransport(e): 457908.;Offener Prüffall;raw_locomotivemovement;18564
RUN_20260621_191259;90802159259-1;457908;LTE DE - LTE Germany GmbH;2026-06-08 23:10:00;2026-06-08 23:30:00;false;true;ERROR;R011: Zeitliche Überschneidung mit vorheriger Bewegung erkannt. Referenztransport(e): 457896.;Offener Prüffall;raw_locomotivemovement;5244
RUN_20260621_191259;90802159259-1;457908;LTE DE - LTE Germany GmbH;2026-06-08 23:30:00;2026-06-08 23:55:00;false;true;ERROR;R011: Zeitliche Überschneidung mit vorheriger Bewegung erkannt. Referenztransport(e): 457896.;Offener Prüffall;raw_locomotivemovement;5245
RUN_20260621_191259;90802019402-7;457703;LTE DE - LTE Germany GmbH;2026-06-08 23:33:00;2026-06-08 23:36:00;false;true;ERROR;R011: Zeitliche Überschneidung mit vorheriger Bewegung erkannt. Referenztransport(e): 457891.;Offener Prüffall;raw_locomotivemovement;13391
RUN_20260621_191259;90802159259-1;457896;LTE DE - LTE Germany GmbH;2026-06-09 00:00:00;2026-06-09 00:05:00;false;true;ERROR;R011: Zeitliche Überschneidung mit vorheriger Bewegung erkannt. Referenztransport(e): 457908.;Offener Prüffall;raw_locomotivemovement;18565
RUN_20260621_191259;90802159259-1;457896;LTE DE - LTE Germany GmbH;2026-06-09 00:05:00;2026-06-09 00:15:00;false;true;ERROR;R011: Zeitliche Überschneidung mit vorheriger Bewegung erkannt. Referenztransport(e): 457908.;Offener Prüffall;raw_locomotivemovement;18566
RUN_20260621_191259;90802019402-7;457703;LTE DE - LTE Germany GmbH;2026-06-09 00:15:00;2026-06-09 01:15:00;false;true;ERROR;R011: Zeitliche Überschneidung mit vorheriger Bewegung erkannt. Referenztransport(e): 457891.;Offener Prüffall;raw_locomotivemovement;13392
RUN_20260621_191259;90802019402-7;457891;LTE DE - LTE Germany GmbH;2026-06-09 00:35:00;2026-06-09 01:35:00;false;true;ERROR;R011: Zeitliche Überschneidung mit vorheriger Bewegung erkannt. Referenztransport(e): 457703.;Offener Prüffall;raw_locomotivemovement;9559
RUN_20260621_191259;90802159259-1;457692;LTE DE - LTE Germany GmbH;2026-06-09 07:24:00;2026-06-09 07:28:00;false;true;ERROR;R011: Zeitliche Überschneidung mit vorheriger Bewegung erkannt. Referenztransport(e): 457896.;Offener Prüffall;raw_locomotivemovement;16216
RUN_20260621_191259;90802159259-1;457692;LTE DE - LTE Germany GmbH;2026-06-09 07:28:00;2026-06-09 08:13:00;false;true;ERROR;R011: Zeitliche Überschneidung mit vorheriger Bewegung erkannt. Referenztransport(e): 457896.;Offener Prüffall;raw_locomotivemovement;16217
RUN_20260621_191259;91806189202-5;457576;LTE DE - LTE Germany GmbH;2026-06-09 11:55:00;2026-06-09 11:59:00;false;true;ERROR;R011: Zeitliche Überschneidung mit vorheriger Bewegung erkannt. Referenztransport(e): 453703.;Offener Prüffall;raw_locomotivemovement;9845
RUN_20260621_191259;91806189202-5;453703;LTE DE - LTE Germany GmbH;2026-06-09 11:56:00;2026-06-09 13:41:00;false;true;ERROR;R011: Zeitliche Überschneidung mit vorheriger Bewegung erkannt. Referenztransport(e): 457576.;Offener Prüffall;raw_locomotivemovement;16476
RUN_20260621_191259;91806189202-5;457576;LTE DE - LTE Germany GmbH;2026-06-09 11:59:00;2026-06-09 12:14:00;false;true;ERROR;R011: Zeitliche Überschneidung mit vorheriger Bewegung erkannt. Referenztransport(e): 453703.;Offener Prüffall;raw_locomotivemovement;9846
RUN_20260621_191259;90802159259-1;457885;LTE DE - LTE Germany GmbH;2026-06-09 12:30:00;2026-06-09 13:30:00;false;true;ERROR;R011: Zeitliche Überschneidung mit vorheriger Bewegung erkannt. Referenztransport(e): 457693.;Offener Prüffall;raw_locomotivemovement;15085
RUN_20260621_191259;90802159259-1;457693;LTE DE - LTE Germany GmbH;2026-06-09 13:26:00;2026-06-09 13:30:00;false;true;ERROR;R011: Zeitliche Überschneidung mit vorheriger Bewegung erkannt. Referenztransport(e): 457885.;Offener Prüffall;raw_locomotivemovement;6061
RUN_20260621_191259;90802159259-1;457879;LTE DE - LTE Germany GmbH;2026-06-09 20:30:00;2026-06-09 22:30:00;false;true;ERROR;R011: Zeitliche Überschneidung mit vorheriger Bewegung erkannt. Referenztransport(e): 457885.;Offener Prüffall;raw_locomotivemovement;2934
RUN_20260621_191259;90802159259-1;457885;LTE DE - LTE Germany GmbH;2026-06-09 20:32:00;2026-06-09 21:10:00;false;true;ERROR;R011: Zeitliche Überschneidung mit vorheriger Bewegung erkannt. Referenztransport(e): 457879.;Offener Prüffall;raw_locomotivemovement;15090
RUN_20260621_191259;90802159259-1;457885;LTE DE - LTE Germany GmbH;2026-06-09 21:10:00;2026-06-09 22:03:00;false;true;ERROR;R011: Zeitliche Überschneidung mit vorheriger Bewegung erkannt. Referenztransport(e): 457879.;Offener Prüffall;raw_locomotivemovement;15091
RUN_20260621_191259;90802159259-1;457885;LTE DE - LTE Germany GmbH;2026-06-09 22:03:00;2026-06-09 22:28:00;false;true;ERROR;R011: Zeitliche Überschneidung mit vorheriger Bewegung erkannt. Referenztransport(e): 457879.;Offener Prüffall;raw_locomotivemovement;15092
RUN_20260621_191259;90802159259-1;457885;LTE DE - LTE Germany GmbH;2026-06-09 22:28:00;2026-06-09 22:50:00;false;true;ERROR;R011: Zeitliche Überschneidung mit vorheriger Bewegung erkannt. Referenztransport(e): 457879.;Offener Prüffall;raw_locomotivemovement;15093
RUN_20260621_191259;90802159259-1;457885;LTE DE - LTE Germany GmbH;2026-06-09 23:00:00;2026-06-09 23:10:00;false;true;ERROR;R011: Zeitliche Überschneidung mit vorheriger Bewegung erkannt. Referenztransport(e): 457879.;Offener Prüffall;raw_locomotivemovement;15096
RUN_20260621_191259;90802159256-7;458705;RTB CARGO GmbH;2026-06-10 01:02:00;2026-06-10 13:20:00;false;true;ERROR;R011: Zeitliche Überschneidung mit vorheriger Bewegung erkannt. Referenztransport(e): 458708.;Offener Prüffall;raw_locomotivemovement;21089
RUN_20260621_191259;90802159259-1;457686;LTE DE - LTE Germany GmbH;2026-06-10 06:44:00;2026-06-10 06:48:00;false;true;ERROR;R011: Zeitliche Überschneidung mit vorheriger Bewegung erkannt. Referenztransport(e): 457879.;Offener Prüffall;raw_locomotivemovement;15188
RUN_20260621_191259;90802159259-1;457912;LTE DE - LTE Germany GmbH;2026-06-10 12:30:00;2026-06-10 14:30:00;false;true;ERROR;R011: Zeitliche Überschneidung mit vorheriger Bewegung erkannt. Referenztransport(e): 457691.;Offener Prüffall;raw_locomotivemovement;10925
RUN_20260621_191259;90802159259-1;457691;LTE DE - LTE Germany GmbH;2026-06-10 13:29:00;2026-06-10 13:35:00;false;true;ERROR;R011: Zeitliche Überschneidung mit vorheriger Bewegung erkannt. Referenztransport(e): 457912.;Offener Prüffall;raw_locomotivemovement;15950
RUN_20260621_191259;90802159259-1;457886;LTE DE - LTE Germany GmbH;2026-06-10 16:45:00;2026-06-10 18:45:00;false;true;ERROR;R011: Zeitliche Überschneidung mit vorheriger Bewegung erkannt. Referenztransport(e): 457912.;Offener Prüffall;raw_locomotivemovement;4187
RUN_20260621_191259;90802159259-1;457912;LTE DE - LTE Germany GmbH;2026-06-10 17:31:00;2026-06-10 20:21:00;false;true;ERROR;R011: Zeitliche Überschneidung mit vorheriger Bewegung erkannt. Referenztransport(e): 457886.;Offener Prüffall;raw_locomotivemovement;10930
RUN_20260621_191259;91806185680-6;456502;LTE DE - LTE Germany GmbH;2026-06-10 18:30:00;2026-06-10 20:30:00;false;true;ERROR;R011: Zeitliche Überschneidung mit vorheriger Bewegung erkannt. Referenztransport(e): 456498.;Offener Prüffall;raw_locomotivemovement;21061
RUN_20260621_191259;90802019402-7;457915;LTE DE - LTE Germany GmbH;2026-06-10 20:00:00;2026-06-10 22:00:00;false;true;ERROR;R011: Zeitliche Überschneidung mit vorheriger Bewegung erkannt. Referenztransport(e): 457892.;Offener Prüffall;raw_locomotivemovement;19680
RUN_20260621_191259;90802019402-7;457892;LTE DE - LTE Germany GmbH;2026-06-10 20:46:00;2026-06-10 21:45:00;false;true;ERROR;R011: Zeitliche Überschneidung mit vorheriger Bewegung erkannt. Referenztransport(e): 457915.;Offener Prüffall;raw_locomotivemovement;7434
RUN_20260621_191259;90802019402-7;457892;LTE DE - LTE Germany GmbH;2026-06-10 21:45:00;2026-06-10 22:00:00;false;true;ERROR;R011: Zeitliche Überschneidung mit vorheriger Bewegung erkannt. Referenztransport(e): 457915.;Offener Prüffall;raw_locomotivemovement;7435
RUN_20260621_191259;91806185310-0;459943;LTE DE - LTE Germany GmbH;2026-06-10 23:15:00;2026-06-10 23:45:00;false;true;ERROR;R011: Zeitliche Überschneidung mit vorheriger Bewegung erkannt. Referenztransport(e): 457403.;Offener Prüffall;raw_locomotivemovement;577
RUN_20260621_191259;91806185310-0;459943;LTE DE - LTE Germany GmbH;2026-06-10 23:45:00;2026-06-11 00:21:00;false;true;ERROR;R011: Zeitliche Überschneidung mit vorheriger Bewegung erkannt. Referenztransport(e): 457403.;Offener Prüffall;raw_locomotivemovement;578
RUN_20260621_191259;91806185310-0;459943;LTE DE - LTE Germany GmbH;2026-06-11 00:21:00;2026-06-11 00:45:00;false;true;ERROR;R011: Zeitliche Überschneidung mit vorheriger Bewegung erkannt. Referenztransport(e): 457403.;Offener Prüffall;raw_locomotivemovement;580
RUN_20260621_191259;91806185310-0;459943;LTE DE - LTE Germany GmbH;2026-06-11 00:45:00;2026-06-11 01:00:00;false;true;ERROR;R011: Zeitliche Überschneidung mit vorheriger Bewegung erkannt. Referenztransport(e): 457403.;Offener Prüffall;raw_locomotivemovement;579
RUN_20260621_191259;90802159259-1;457684;LTE DE - LTE Germany GmbH;2026-06-11 06:21:00;2026-06-11 06:43:00;false;true;ERROR;R011: Zeitliche Überschneidung mit vorheriger Bewegung erkannt. Referenztransport(e): 457886.;Offener Prüffall;raw_locomotivemovement;20733
RUN_20260621_191259;90802159259-1;457878;LTE DE - LTE Germany GmbH;2026-06-11 12:30:00;2026-06-11 13:59:00;false;true;ERROR;R011: Zeitliche Überschneidung mit vorheriger Bewegung erkannt. Referenztransport(e): 457694.;Offener Prüffall;raw_locomotivemovement;97
RUN_20260621_191259;90802019402-7;457889;LTE DE - LTE Germany GmbH;2026-06-11 22:00:00;2026-06-12 00:46:00;false;true;ERROR;R011: Zeitliche Überschneidung mit vorheriger Bewegung erkannt. Referenztransport(e): 457917.;Offener Prüffall;raw_locomotivemovement;7550
RUN_20260621_191259;90802159259-1;457918;LTE DE - LTE Germany GmbH;2026-06-11 22:15:00;2026-06-12 00:00:00;false;true;ERROR;R011: Zeitliche Überschneidung mit vorheriger Bewegung erkannt. Referenztransport(e): 457878.;Offener Prüffall;raw_locomotivemovement;16369
RUN_20260621_191259;90802019402-7;457917;LTE DE - LTE Germany GmbH;2026-06-11 22:42:00;2026-06-11 22:43:00;false;true;ERROR;R011: Zeitliche Überschneidung mit vorheriger Bewegung erkannt. Referenztransport(e): 457889.;Offener Prüffall;raw_locomotivemovement;18659
RUN_20260621_191259;90802019402-7;457917;LTE DE - LTE Germany GmbH;2026-06-11 22:43:00;2026-06-11 23:24:00;false;true;ERROR;R011: Zeitliche Überschneidung mit vorheriger Bewegung erkannt. Referenztransport(e): 457889.;Offener Prüffall;raw_locomotivemovement;18660
RUN_20260621_191259;90802159259-1;457878;LTE DE - LTE Germany GmbH;2026-06-11 23:09:00;2026-06-11 23:26:00;false;true;ERROR;R011: Zeitliche Überschneidung mit vorheriger Bewegung erkannt. Referenztransport(e): 457918.;Offener Prüffall;raw_locomotivemovement;105
RUN_20260621_191259;90802159259-1;457878;LTE DE - LTE Germany GmbH;2026-06-11 23:26:00;2026-06-11 23:40:00;false;true;ERROR;R011: Zeitliche Überschneidung mit vorheriger Bewegung erkannt. Referenztransport(e): 457918.;Offener Prüffall;raw_locomotivemovement;106
RUN_20260621_191259;90802159259-1;457878;LTE DE - LTE Germany GmbH;2026-06-11 23:40:00;2026-06-11 23:45:00;false;true;ERROR;R011: Zeitliche Überschneidung mit vorheriger Bewegung erkannt. Referenztransport(e): 457918.;Offener Prüffall;raw_locomotivemovement;107
RUN_20260621_191259;90802159259-1;457878;LTE DE - LTE Germany GmbH;2026-06-11 23:45:00;2026-06-11 23:50:00;false;true;ERROR;R011: Zeitliche Überschneidung mit vorheriger Bewegung erkannt. Referenztransport(e): 457918.;Offener Prüffall;raw_locomotivemovement;108
RUN_20260621_191259;90802159259-1;457878;LTE DE - LTE Germany GmbH;2026-06-11 23:50:00;2026-06-12 00:00:00;false;true;ERROR;R011: Zeitliche Überschneidung mit vorheriger Bewegung erkannt. Referenztransport(e): 457918.;Offener Prüffall;raw_locomotivemovement;109
RUN_20260621_191259;91806189806-3;457581;LTE DE - LTE Germany GmbH;2026-06-12 02:02:00;2026-06-12 02:07:00;false;true;ERROR;R011: Zeitliche Überschneidung mit vorheriger Bewegung erkannt. Referenztransport(e): 453708.;Offener Prüffall;raw_locomotivemovement;14566
RUN_20260621_191259;91806189806-3;457581;LTE DE - LTE Germany GmbH;2026-06-12 02:07:00;2026-06-12 02:22:00;false;true;ERROR;R011: Zeitliche Überschneidung mit vorheriger Bewegung erkannt. Referenztransport(e): 453708.;Offener Prüffall;raw_locomotivemovement;14567
RUN_20260621_191259;90802159259-1;457683;LTE DE - LTE Germany GmbH;2026-06-12 12:21:00;2026-06-12 13:21:00;false;true;ERROR;R011: Zeitliche Überschneidung mit vorheriger Bewegung erkannt. Referenztransport(e): 457907.;Offener Prüffall;raw_locomotivemovement;4239
RUN_20260621_191259;90802159259-1;457683;LTE DE - LTE Germany GmbH;2026-06-12 13:21:00;2026-06-12 13:25:00;false;true;ERROR;R011: Zeitliche Überschneidung mit vorheriger Bewegung erkannt. Referenztransport(e): 457907.;Offener Prüffall;raw_locomotivemovement;4240
RUN_20260621_191259;90802159259-1;457902;LTE DE - LTE Germany GmbH;2026-06-12 20:00:00;2026-06-12 22:00:00;false;true;ERROR;R011: Zeitliche Überschneidung mit vorheriger Bewegung erkannt. Referenztransport(e): 457907.;Offener Prüffall;raw_locomotivemovement;5550
RUN_20260621_191259;90802159259-1;457907;LTE DE - LTE Germany GmbH;2026-06-12 20:37:00;2026-06-12 21:05:00;false;true;ERROR;R011: Zeitliche Überschneidung mit vorheriger Bewegung erkannt. Referenztransport(e): 457902.;Offener Prüffall;raw_locomotivemovement;19489
RUN_20260621_191259;90802159259-1;457907;LTE DE - LTE Germany GmbH;2026-06-12 21:05:00;2026-06-12 22:23:00;false;true;ERROR;R011: Zeitliche Überschneidung mit vorheriger Bewegung erkannt. Referenztransport(e): 457902.;Offener Prüffall;raw_locomotivemovement;19490
RUN_20260621_191259;90802159259-1;457902;LTE DE - LTE Germany GmbH;2026-06-12 22:00:00;2026-06-12 23:00:00;false;true;ERROR;R011: Zeitliche Überschneidung mit vorheriger Bewegung erkannt. Referenztransport(e): 457907.;Offener Prüffall;raw_locomotivemovement;5551
RUN_20260621_191259;90802159259-1;457907;LTE DE - LTE Germany GmbH;2026-06-12 22:23:00;2026-06-12 23:31:00;false;true;ERROR;R011: Zeitliche Überschneidung mit vorheriger Bewegung erkannt. Referenztransport(e): 457902.;Offener Prüffall;raw_locomotivemovement;19491
RUN_20260621_191259;90802159259-1;457902;LTE DE - LTE Germany GmbH;2026-06-12 23:00:00;2026-06-13 00:16:00;false;true;ERROR;R011: Zeitliche Überschneidung mit vorheriger Bewegung erkannt. Referenztransport(e): 457907.;Offener Prüffall;raw_locomotivemovement;5552
RUN_20260621_191259;90802159259-1;457907;LTE DE - LTE Germany GmbH;2026-06-12 23:31:00;2026-06-12 23:53:00;false;true;ERROR;R011: Zeitliche Überschneidung mit vorheriger Bewegung erkannt. Referenztransport(e): 457902.;Offener Prüffall;raw_locomotivemovement;19492
RUN_20260621_191259;90802159259-1;457907;LTE DE - LTE Germany GmbH;2026-06-12 23:53:00;2026-06-13 00:00:00;false;true;ERROR;R011: Zeitliche Überschneidung mit vorheriger Bewegung erkannt. Referenztransport(e): 457902.;Offener Prüffall;raw_locomotivemovement;19493
RUN_20260621_191259;90802159259-1;457907;LTE DE - LTE Germany GmbH;2026-06-13 00:00:00;2026-06-13 00:10:00;false;true;ERROR;R011: Zeitliche Überschneidung mit vorheriger Bewegung erkannt. Referenztransport(e): 457902.;Offener Prüffall;raw_locomotivemovement;19494
RUN_20260621_191259;90802159259-1;457907;LTE DE - LTE Germany GmbH;2026-06-13 00:10:00;2026-06-13 00:15:00;false;true;ERROR;R011: Zeitliche Überschneidung mit vorheriger Bewegung erkannt. Referenztransport(e): 457902.;Offener Prüffall;raw_locomotivemovement;19495
RUN_20260621_191259;91806189804-8;453704;LTE DE - LTE Germany GmbH;2026-06-13 09:00:00;2026-06-13 11:00:00;false;true;ERROR;R011: Zeitliche Überschneidung mit vorheriger Bewegung erkannt. Referenztransport(e): 453707.;Offener Prüffall;raw_locomotivemovement;4518
RUN_20260621_191259;91806189804-8;453707;LTE DE - LTE Germany GmbH;2026-06-13 09:32:00;2026-06-13 09:34:00;false;true;ERROR;R011: Zeitliche Überschneidung mit vorheriger Bewegung erkannt. Referenztransport(e): 453704.;Offener Prüffall;raw_locomotivemovement;20220
RUN_20260621_191259;91806189804-8;453707;LTE DE - LTE Germany GmbH;2026-06-13 09:34:00;2026-06-13 10:29:00;false;true;ERROR;R011: Zeitliche Überschneidung mit vorheriger Bewegung erkannt. Referenztransport(e): 453704.;Offener Prüffall;raw_locomotivemovement;20221
RUN_20260621_191259;91806189804-8;453707;LTE DE - LTE Germany GmbH;2026-06-13 10:29:00;2026-06-13 10:39:00;false;true;ERROR;R011: Zeitliche Überschneidung mit vorheriger Bewegung erkannt. Referenztransport(e): 453704.;Offener Prüffall;raw_locomotivemovement;20222
RUN_20260621_191259;91806189804-8;457579;LTE DE - LTE Germany GmbH;2026-06-13 10:42:00;2026-06-13 10:47:00;false;true;ERROR;R011: Zeitliche Überschneidung mit vorheriger Bewegung erkannt. Referenztransport(e): 453704.;Offener Prüffall;raw_locomotivemovement;2776
RUN_20260621_191259;90802159259-1;457920;LTE DE - LTE Germany GmbH;2026-06-14 11:30:00;2026-06-14 13:30:00;false;true;ERROR;R011: Zeitliche Überschneidung mit vorheriger Bewegung erkannt. Referenztransport(e): 457887.;Offener Prüffall;raw_locomotivemovement;13636
RUN_20260621_191259;90802159259-1;457887;LTE DE - LTE Germany GmbH;2026-06-14 11:43:00;2026-06-14 12:13:00;false;true;ERROR;R011: Zeitliche Überschneidung mit vorheriger Bewegung erkannt. Referenztransport(e): 457920.;Offener Prüffall;raw_locomotivemovement;768
RUN_20260621_191259;91806185056-9;449056;LTE AT - LTE Austria GmbH;2026-06-14 12:36:00;2026-06-14 12:38:00;false;true;MANUAL_REVIEW;R013: Halter der Lok fehlt. Marktpartner-ID für Nutzungsüberlassung kann nicht abgeleitet werden.;Halter fehlt | Offener Prüffall;raw_locomotivemovement;17435
RUN_20260621_191259;91806185056-9;449056;LTE DE - LTE Germany GmbH;2026-06-14 13:00:00;2026-06-14 14:58:00;false;true;MANUAL_REVIEW;R013: Halter der Lok fehlt. Marktpartner-ID für Nutzungsüberlassung kann nicht abgeleitet werden.;Halter fehlt | Offener Prüffall;raw_locomotivemovement;17447
RUN_20260621_191259;91806185056-9;449056;LTE DE - LTE Germany GmbH;2026-06-14 14:58:00;2026-06-14 14:58:00;false;true;MANUAL_REVIEW;R013: Halter der Lok fehlt. Marktpartner-ID für Nutzungsüberlassung kann nicht abgeleitet werden.;Halter fehlt | Offener Prüffall;raw_locomotivemovement;17436
RUN_20260621_191259;91806185056-9;449056;LTE DE - LTE Germany GmbH;2026-06-14 14:58:00;2026-06-14 16:55:00;false;true;MANUAL_REVIEW;R013: Halter der Lok fehlt. Marktpartner-ID für Nutzungsüberlassung kann nicht abgeleitet werden.;Halter fehlt | Offener Prüffall;raw_locomotivemovement;17437
RUN_20260621_191259;91806185056-9;449056;LTE DE - LTE Germany GmbH;2026-06-14 16:55:00;2026-06-14 16:55:00;false;true;MANUAL_REVIEW;R013: Halter der Lok fehlt. Marktpartner-ID für Nutzungsüberlassung kann nicht abgeleitet werden.;Halter fehlt | Offener Prüffall;raw_locomotivemovement;17438
RUN_20260621_191259;91806185056-9;449056;LTE DE - LTE Germany GmbH;2026-06-14 16:55:00;2026-06-14 21:02:00;false;true;MANUAL_REVIEW;R013: Halter der Lok fehlt. Marktpartner-ID für Nutzungsüberlassung kann nicht abgeleitet werden.;Halter fehlt | Offener Prüffall;raw_locomotivemovement;17439
RUN_20260621_191259;91806185056-9;449056;LTE DE - LTE Germany GmbH;2026-06-14 22:58:00;2026-06-15 01:01:00;false;true;MANUAL_REVIEW;R013: Halter der Lok fehlt. Marktpartner-ID für Nutzungsüberlassung kann nicht abgeleitet werden.;Halter fehlt | Offener Prüffall;raw_locomotivemovement;17440
RUN_20260621_191259;91806185056-9;449056;LTE DE - LTE Germany GmbH;2026-06-15 01:01:00;2026-06-15 01:01:00;false;true;MANUAL_REVIEW;R013: Halter der Lok fehlt. Marktpartner-ID für Nutzungsüberlassung kann nicht abgeleitet werden.;Halter fehlt | Offener Prüffall;raw_locomotivemovement;17446
RUN_20260621_191259;91806185056-9;449056;LTE DE - LTE Germany GmbH;2026-06-15 01:01:00;2026-06-15 03:39:00;false;true;MANUAL_REVIEW;R013: Halter der Lok fehlt. Marktpartner-ID für Nutzungsüberlassung kann nicht abgeleitet werden.;Halter fehlt | Offener Prüffall;raw_locomotivemovement;17441
RUN_20260621_191259;91806185056-9;449056;LTE DE - LTE Germany GmbH;2026-06-15 03:39:00;2026-06-15 03:39:00;false;true;MANUAL_REVIEW;R013: Halter der Lok fehlt. Marktpartner-ID für Nutzungsüberlassung kann nicht abgeleitet werden.;Halter fehlt | Offener Prüffall;raw_locomotivemovement;17442
RUN_20260621_191259;91806185056-9;449056;LTE DE - LTE Germany GmbH;2026-06-15 03:39:00;2026-06-15 05:24:00;false;true;MANUAL_REVIEW;R013: Halter der Lok fehlt. Marktpartner-ID für Nutzungsüberlassung kann nicht abgeleitet werden.;Halter fehlt | Offener Prüffall;raw_locomotivemovement;17443
RUN_20260621_191259;91806185056-9;449056;LTE DE - LTE Germany GmbH;2026-06-15 05:24:00;2026-06-15 05:54:00;false;true;MANUAL_REVIEW;R013: Halter der Lok fehlt. Marktpartner-ID für Nutzungsüberlassung kann nicht abgeleitet werden.;Halter fehlt | Offener Prüffall;raw_locomotivemovement;17444
RUN_20260621_191259;91806185056-9;449056;LTE DE - LTE Germany GmbH;2026-06-15 05:24:00;2026-06-15 05:24:00;false;true;MANUAL_REVIEW;R013: Halter der Lok fehlt. Marktpartner-ID für Nutzungsüberlassung kann nicht abgeleitet werden.;Halter fehlt | Offener Prüffall;raw_locomotivemovement;17445
RUN_20260621_191259;91806186369-5;457168;LTE NL - LTE Netherlands B.V.;2026-06-15 09:35:00;2026-06-15 12:55:00;false;true;ERROR;R011: Zeitliche Überschneidung mit vorheriger Bewegung erkannt. Referenztransport(e): 457168.;Offener Prüffall;raw_locomotivemovement;8757
RUN_20260621_191259;91807193908-9;457168;LTE NL - LTE Netherlands B.V.;2026-06-15 09:35:00;2026-06-15 12:55:00;false;true;ERROR;R011: Zeitliche Überschneidung mit vorheriger Bewegung erkannt. Referenztransport(e): 457168.;Offener Prüffall;raw_locomotivemovement;8764
RUN_20260621_191259;91806189806-3;453706;LTE DE - LTE Germany GmbH;2026-06-15 11:00:00;2026-06-15 13:00:00;false;true;ERROR;R011: Zeitliche Überschneidung mit vorheriger Bewegung erkannt. Referenztransport(e): 457578.;Offener Prüffall;raw_locomotivemovement;13033
RUN_20260621_191259;91887186221-8;455015;LTE NL - LTE Netherlands B.V.;2026-06-15 20:31:00;2026-06-15 20:27:00;false;true;ERROR;R004: ActualDeparture liegt nach ActualArrival.;Zeitintervall unplausibel | Offener Prüffall;raw_locomotivemovement;3636
RUN_20260621_191259;91806186369-5;455028;LTE NL - LTE Netherlands B.V.;2026-06-16 11:20:00;;false;true;MANUAL_REVIEW;R003: ActualArrival fehlt oder ist ungültig.;ActualArrival fehlt | Offener Prüffall;raw_locomotivemovement;203
RUN_20260621_191259;90802159259-1;459648;LTE DE - LTE Germany GmbH;2026-06-16 17:06:00;2026-06-16 17:22:00;false;true;ERROR;R011: Zeitliche Überschneidung mit vorheriger Bewegung erkannt. Referenztransport(e): 459644.;Offener Prüffall;raw_locomotivemovement;1729
RUN_20260621_191259;90802159259-1;459648;LTE DE - LTE Germany GmbH;2026-06-16 17:22:00;2026-06-16 17:47:00;false;true;ERROR;R011: Zeitliche Überschneidung mit vorheriger Bewegung erkannt. Referenztransport(e): 459644.;Offener Prüffall;raw_locomotivemovement;1730
RUN_20260621_191259;91806189804-8;459430;LTE DE - LTE Germany GmbH;2026-06-16 21:30:00;2026-06-16 22:43:00;false;true;ERROR;R011: Zeitliche Überschneidung mit vorheriger Bewegung erkannt. Referenztransport(e): 459123.;Offener Prüffall;raw_locomotivemovement;20475
RUN_20260621_191259;91806193697-0;459650;LTE DE - LTE Germany GmbH;2026-06-16 23:00:00;2026-06-16 23:20:00;false;true;ERROR;R011: Zeitliche Überschneidung mit vorheriger Bewegung erkannt. Referenztransport(e): 459644.;Offener Prüffall;raw_locomotivemovement;16220
RUN_20260621_191259;91806193697-0;459644;LTE DE - LTE Germany GmbH;2026-06-16 23:10:00;2026-06-16 23:20:00;false;true;ERROR;R011: Zeitliche Überschneidung mit vorheriger Bewegung erkannt. Referenztransport(e): 459650.;Offener Prüffall;raw_locomotivemovement;137
RUN_20260621_191259;91806193697-0;459650;LTE DE - LTE Germany GmbH;2026-06-16 23:20:00;2026-06-16 23:34:00;false;true;ERROR;R011: Zeitliche Überschneidung mit vorheriger Bewegung erkannt. Referenztransport(e): 459644.;Offener Prüffall;raw_locomotivemovement;16221
RUN_20260621_191259;91806185310-0;459725;LTE DE - LTE Germany GmbH;2026-06-17 18:28:00;2026-06-17 20:38:00;false;true;ERROR;R011: Zeitliche Überschneidung mit vorheriger Bewegung erkannt. Referenztransport(e): 459725.;Offener Prüffall;raw_locomotivemovement;4095
RUN_20260621_191259;91806193697-0;459651;LTE DE - LTE Germany GmbH;2026-06-17 21:30:00;2026-06-17 21:45:00;false;true;ERROR;R011: Zeitliche Überschneidung mit vorheriger Bewegung erkannt. Referenztransport(e): 459645.;Offener Prüffall;raw_locomotivemovement;14306
RUN_20260621_191259;91806193868-7;458448;LTE DE - LTE Germany GmbH;2026-06-18 12:15:00;2026-06-18 12:20:00;false;true;ERROR;R011: Zeitliche Überschneidung mit vorheriger Bewegung erkannt. Referenztransport(e): 458449.;Offener Prüffall;raw_locomotivemovement;7793
RUN_20260621_191259;90802159259-1;459675;LTE DE - LTE Germany GmbH;2026-06-18 13:45:00;2026-06-18 13:50:00;false;true;ERROR;R011: Zeitliche Überschneidung mit vorheriger Bewegung erkannt. Referenztransport(e): 459646.;Offener Prüffall;raw_locomotivemovement;18267
RUN_20260621_191259;90802159259-1;459675;LTE DE - LTE Germany GmbH;2026-06-18 14:00:00;2026-06-18 14:03:00;false;true;ERROR;R011: Zeitliche Überschneidung mit vorheriger Bewegung erkannt. Referenztransport(e): 459646.;Offener Prüffall;raw_locomotivemovement;18268
RUN_20260621_191259;90802019402-7;461805;LTE DE - LTE Germany GmbH;2026-06-18 19:02:00;2026-06-18 19:07:00;false;true;ERROR;R011: Zeitliche Überschneidung mit vorheriger Bewegung erkannt. Referenztransport(e): 459663.;Offener Prüffall;raw_locomotivemovement;11049
RUN_20260621_191259;90802159259-1;459652;LTE DE - LTE Germany GmbH;2026-06-18 20:00:00;2026-06-18 21:30:00;false;true;ERROR;R011: Zeitliche Überschneidung mit vorheriger Bewegung erkannt. Referenztransport(e): 459646.;Offener Prüffall;raw_locomotivemovement;9612
RUN_20260621_191259;90802159259-1;459646;LTE DE - LTE Germany GmbH;2026-06-18 20:45:00;2026-06-18 21:01:00;false;true;ERROR;R011: Zeitliche Überschneidung mit vorheriger Bewegung erkannt. Referenztransport(e): 459652.;Offener Prüffall;raw_locomotivemovement;15141
RUN_20260621_191259;91807193883-4;456697;LTE NL - LTE Netherlands B.V.;2026-06-19 03:36:00;2026-06-19 07:36:00;false;true;ERROR;R011: Zeitliche Überschneidung mit vorheriger Bewegung erkannt. Referenztransport(e): 456697.;Offener Prüffall;raw_locomotivemovement;14505
RUN_20260621_191259;90802159259-1;459677;LTE DE - LTE Germany GmbH;2026-06-19 13:30:00;2026-06-19 13:40:00;false;true;ERROR;R011: Zeitliche Überschneidung mit vorheriger Bewegung erkannt. Referenztransport(e): 459647.;Offener Prüffall;raw_locomotivemovement;10392
RUN_20260621_191259;90802159259-1;459677;LTE DE - LTE Germany GmbH;2026-06-19 13:40:00;2026-06-19 13:46:00;false;true;ERROR;R011: Zeitliche Überschneidung mit vorheriger Bewegung erkannt. Referenztransport(e): 459647.;Offener Prüffall;raw_locomotivemovement;10393
RUN_20260621_191259;90802159259-1;459647;LTE DE - LTE Germany GmbH;2026-06-19 19:03:00;2026-06-19 19:18:00;false;true;ERROR;R011: Zeitliche Überschneidung mit vorheriger Bewegung erkannt. Referenztransport(e): 459654.;Offener Prüffall;raw_locomotivemovement;10824
RUN_20260621_191259;90802159259-1;459647;LTE DE - LTE Germany GmbH;2026-06-19 19:18:00;2026-06-19 19:23:00;false;true;ERROR;R011: Zeitliche Überschneidung mit vorheriger Bewegung erkannt. Referenztransport(e): 459654.;Offener Prüffall;raw_locomotivemovement;10821
RUN_20260621_191259;90802159259-1;459647;LTE DE - LTE Germany GmbH;2026-06-19 19:23:00;2026-06-19 19:28:00;false;true;ERROR;R011: Zeitliche Überschneidung mit vorheriger Bewegung erkannt. Referenztransport(e): 459654.;Offener Prüffall;raw_locomotivemovement;10822
RUN_20260621_191259;90802159259-1;459647;LTE DE - LTE Germany GmbH;2026-06-19 19:28:00;2026-06-19 19:58:00;false;true;ERROR;R011: Zeitliche Überschneidung mit vorheriger Bewegung erkannt. Referenztransport(e): 459654.;Offener Prüffall;raw_locomotivemovement;10823
RUN_20260621_191259;91850000010-7;458172;LTE CH - LTE Schweiz GmbH;2026-06-19 21:37:00;;false;true;MANUAL_REVIEW;R003: ActualArrival fehlt oder ist ungültig.;ActualArrival fehlt | Offener Prüffall;raw_locomotivemovement;5923
RUN_20260621_191259;91806186945-2;458890;LTE DE - LTE Germany GmbH;2026-06-19 22:37:00;;false;true;MANUAL_REVIEW;R003: ActualArrival fehlt oder ist ungültig.;ActualArrival fehlt | Offener Prüffall;raw_locomotivemovement;12762
RUN_20260621_191259;91806193634-3;458890;LTE DE - LTE Germany GmbH;2026-06-19 22:37:00;;false;true;MANUAL_REVIEW;R003: ActualArrival fehlt oder ist ungültig.;ActualArrival fehlt | Offener Prüffall;raw_locomotivemovement;12754
RUN_20260621_191259;91806185346-4;461944;LTE DE - LTE Germany GmbH;2026-06-19 22:47:00;2026-06-20 00:22:00;false;true;ERROR;R011: Zeitliche Überschneidung mit vorheriger Bewegung erkannt. Referenztransport(e): 449055.;Offener Prüffall;raw_locomotivemovement;16526
RUN_20260621_191259;91806193377-9;459341;LTE DE - LTE Germany GmbH;2026-06-20 07:00:00;;false;true;MANUAL_REVIEW;R003: ActualArrival fehlt oder ist ungültig.;ActualArrival fehlt | Offener Prüffall;raw_locomotivemovement;12616
RUN_20260621_191259;91806186943-7;458943;LTE DE - LTE Germany GmbH;2026-06-20 14:36:00;;false;true;MANUAL_REVIEW;R003: ActualArrival fehlt oder ist ungültig.;ActualArrival fehlt | Offener Prüffall;raw_locomotivemovement;2431
RUN_20260621_191259;91806186943-7;458943;LTE DE - LTE Germany GmbH;2026-06-20 15:07:00;;false;true;MANUAL_REVIEW;R003: ActualArrival fehlt oder ist ungültig.;ActualArrival fehlt | Offener Prüffall;raw_locomotivemovement;2430
RUN_20260621_191259;91806193262-3;455715;LTE CZ - LTE Czechia s.r.o.;2026-06-20 15:30:00;2026-06-20 15:42:00;false;true;ERROR;R011: Zeitliche Überschneidung mit vorheriger Bewegung erkannt. Referenztransport(e): 455715.;Offener Prüffall;raw_locomotivemovement;305
RUN_20260621_191259;91515370164-3;455104;LTE NL - LTE Netherlands B.V.;2026-06-20 15:52:00;;false;true;MANUAL_REVIEW;R003: ActualArrival fehlt oder ist ungültig.;ActualArrival fehlt | Offener Prüffall;raw_locomotivemovement;14981
RUN_20260621_191259;91806186942-9;455108;LTE NL - LTE Netherlands B.V.;2026-06-20 17:01:00;;false;true;MANUAL_REVIEW;R003: ActualArrival fehlt oder ist ungültig.;ActualArrival fehlt | Offener Prüffall;raw_locomotivemovement;4285
RUN_20260621_191259;91806193933-9;455101;LTE NL - LTE Netherlands B.V.;2026-06-20 17:46:00;;false;true;MANUAL_REVIEW;R003: ActualArrival fehlt oder ist ungültig.;ActualArrival fehlt | Offener Prüffall;raw_locomotivemovement;7341
RUN_20260621_191259;91806193232-6;460514;LTE NL - LTE Netherlands B.V.;2026-06-20 17:47:00;;false;true;MANUAL_REVIEW;R003: ActualArrival fehlt oder ist ungültig.;ActualArrival fehlt | Offener Prüffall;raw_locomotivemovement;8968
RUN_20260621_191259;91806193272-2;455964;LTE DE - LTE Germany GmbH;2026-06-20 17:53:00;;false;true;MANUAL_REVIEW;R003: ActualArrival fehlt oder ist ungültig.;ActualArrival fehlt | Offener Prüffall;raw_locomotivemovement;6836
RUN_20260621_191259;91806193515-4;458061;LTE NL - LTE Netherlands B.V.;2026-06-20 17:54:00;;false;true;MANUAL_REVIEW;R003: ActualArrival fehlt oder ist ungültig.;ActualArrival fehlt | Offener Prüffall;raw_locomotivemovement;6768
